/*!40101 SET @OLD_CHARACTER_SET_CLIENT=@@CHARACTER_SET_CLIENT */;
/*!40101 SET NAMES utf8 */;
/*!50503 SET NAMES utf8mb4 */;
/*!40103 SET @OLD_TIME_ZONE=@@TIME_ZONE */;
/*!40103 SET TIME_ZONE='+00:00' */;
/*!40014 SET @OLD_FOREIGN_KEY_CHECKS=@@FOREIGN_KEY_CHECKS, FOREIGN_KEY_CHECKS=0 */;
/*!40101 SET @OLD_SQL_MODE=@@SQL_MODE, SQL_MODE='NO_AUTO_VALUE_ON_ZERO' */;
/*!40111 SET @OLD_SQL_NOTES=@@SQL_NOTES, SQL_NOTES=0 */;


-- Listage de la structure de la base pour ecfc6
CREATE DATABASE IF NOT EXISTS `ecfc6` /*!40100 DEFAULT CHARACTER SET utf8mb4 */;
USE `ecfc6`;

-- Listage de la structure de la table ecfc6. bulletin
CREATE TABLE IF NOT EXISTS `bulletin` (
  `id` int(11) NOT NULL AUTO_INCREMENT,
  `salarie_id` int(11) unsigned NOT NULL,
  `periode` varchar(6) NOT NULL,
  `brut` int(11) NOT NULL,
  `net` int(11) NOT NULL,
  `nombre_heures` float NOT NULL,
  PRIMARY KEY (`id`),
  KEY `FK_bulletin_salaries` (`salarie_id`),
  KEY `periode` (`periode`),
  CONSTRAINT `FK_bulletin_salaries` FOREIGN KEY (`salarie_id`) REFERENCES `salaries` (`id`) ON UPDATE CASCADE
) ENGINE=InnoDB AUTO_INCREMENT=119 DEFAULT CHARSET=utf8mb4;

-- Listage des données de la table ecfc6.bulletin : ~118 rows (environ)
INSERT INTO `bulletin` (`id`, `salarie_id`, `periode`, `brut`, `net`, `nombre_heures`) VALUES
	(1, 20, '202305', 201178, 134442, 172.5),
	(2, 19, '202305', 335852, 221217, 188),
	(3, 18, '202305', 174263, 101103, 171),
	(4, 16, '202305', 365478, 236986, 207),
	(5, 15, '202305', 183435, 105991, 180),
	(6, 14, '202305', 354427, 232325, 182.5),
	(7, 13, '202305', 182416, 123173, 179),
	(8, 11, '202305', 232364, 179843, 172),
	(9, 10, '202305', 175283, 116988, 172),
	(10, 8, '202305', 261824, 206306, 169),
	(11, 19, '202304', 205080, 168804, 169),
	(12, 18, '202304', 256119, 162080, 212),
	(13, 16, '202304', 177828, 116940, 173),
	(14, 15, '202304', 230504, 228445, 182.5),
	(15, 14, '202304', 196723, 130579, 169),
	(16, 13, '202304', 201595, 162614, 169.5),
	(17, 11, '202304', 200894, 181515, 173),
	(18, 10, '202304', 220927, 179376, 187),
	(19, 8, '202304', 225954, 215139, 180.5),
	(20, 6, '202304', 245224, 229104, 200),
	(21, 18, '202303', 252732, 231144, 192),
	(22, 16, '202303', 244702, 219999, 188.5),
	(23, 15, '202303', 185946, 161234, 172),
	(24, 14, '202303', 197372, 168411, 190.5),
	(25, 13, '202303', 264828, 224822, 208),
	(26, 11, '202303', 202024, 115480, 172.5),
	(27, 10, '202303', 252207, 235051, 180),
	(28, 8, '202303', 286177, 248145, 174),
	(29, 6, '202303', 212264, 124587, 186),
	(30, 18, '202302', 196183, 185563, 185.5),
	(31, 17, '202302', 202096, 114895, 172.5),
	(32, 16, '202302', 233520, 222483, 218.5),
	(33, 15, '202302', 253295, 155615, 184),
	(34, 14, '202302', 233711, 202651, 171),
	(35, 13, '202302', 226482, 139519, 189.8),
	(36, 11, '202302', 259031, 232787, 190),
	(37, 10, '202302', 262695, 232317, 169),
	(38, 8, '202302', 270895, 204893, 171),
	(39, 6, '202302', 252624, 169051, 171),
	(40, 18, '202301', 212696, 153433, 185),
	(41, 17, '202301', 206365, 176134, 180),
	(42, 16, '202301', 176454, 153003, 175),
	(43, 15, '202301', 204569, 181386, 180),
	(44, 14, '202301', 204330, 194369, 180),
	(45, 13, '202301', 178096, 154426, 171),
	(46, 11, '202301', 171686, 98869, 171),
	(47, 10, '202301', 209585, 181126, 183),
	(48, 8, '202301', 211452, 198649, 183),
	(49, 6, '202301', 194436, 157171, 171),
	(50, 17, '202212', 347860, 312488, 169),
	(51, 16, '202212', 201007, 124293, 172),
	(52, 15, '202212', 226156, 158798, 188.5),
	(53, 14, '202212', 217805, 194290, 192),
	(54, 13, '202212', 209588, 195309, 185),
	(55, 11, '202212', 211017, 176548, 186),
	(56, 10, '202212', 198569, 188504, 190),
	(57, 8, '202212', 198143, 171810, 172),
	(58, 6, '202212', 279919, 198138, 209.5),
	(59, 1, '202212', 210973, 181510, 188),
	(60, 15, '202211', 252811, 169213, 184),
	(61, 14, '202211', 213046, 122855, 172.5),
	(62, 13, '202211', 213668, 196131, 189),
	(63, 12, '202211', 201047, 191524, 190),
	(64, 11, '202211', 184410, 120252, 180),
	(65, 10, '202211', 262138, 201706, 200.5),
	(66, 8, '202211', 207257, 139713, 172.5),
	(67, 6, '202211', 213702, 135300, 184),
	(68, 1, '202211', 202185, 191515, 174),
	(69, 14, '202210', 171190, 88438, 172),
	(70, 13, '202210', 188745, 123661, 180),
	(71, 12, '202210', 278190, 216015, 180),
	(72, 11, '202210', 183941, 159495, 180),
	(73, 10, '202210', 208773, 181027, 180),
	(74, 8, '202210', 183941, 129495, 180),
	(75, 6, '202210', 211532, 117220, 180),
	(76, 1, '202210', 209190, 142188, 186.5),
	(77, 13, '202209', 262109, 217275, 192),
	(78, 12, '202209', 182275, 158050, 176),
	(79, 11, '202209', 183593, 159194, 177),
	(80, 10, '202209', 200134, 167937, 171),
	(81, 8, '202209', 216371, 147615, 171),
	(82, 6, '202209', 183630, 159225, 171),
	(83, 1, '202209', 198671, 172267, 171),
	(84, 10, '202208', 171189, 148437, 171),
	(85, 8, '202208', 196095, 130033, 171),
	(86, 6, '202208', 187260, 153395, 174),
	(87, 4, '202208', 199097, 164913, 184),
	(88, 3, '202208', 187000, 154365, 174),
	(89, 1, '202208', 177160, 107500, 172),
	(90, 9, '202207', 210488, 117862, 174),
	(91, 8, '202207', 195696, 172233, 176),
	(92, 6, '202207', 181667, 125724, 173),
	(93, 5, '202207', 198413, 172044, 172),
	(94, 4, '202207', 181004, 152309, 174),
	(95, 3, '202207', 199610, 141571, 176),
	(96, 1, '202207', 213981, 143232, 172.5),
	(97, 8, '202206', 127088, 110197, 789.35),
	(98, 7, '202206', 191918, 151076, 185.5),
	(99, 6, '202206', 226646, 166479, 184),
	(100, 5, '202206', 178155, 114478, 179),
	(101, 4, '202206', 178155, 98878, 179),
	(102, 3, '202206', 180350, 167181, 179),
	(103, 2, '202206', 199686, 173148, 171),
	(104, 1, '202206', 216521, 172746, 171.5),
	(105, 6, '202205', 171189, 108437, 172),
	(106, 5, '202205', 192928, 142288, 180),
	(107, 4, '202205', 187609, 148778, 179.5),
	(108, 3, '202205', 352250, 264246, 188.5),
	(109, 2, '202205', 200854, 147357, 172),
	(110, 1, '202205', 182332, 158100, 175),
	(111, 3, '202204', 178441, 124726, 172),
	(112, 2, '202204', 200854, 114160, 172),
	(113, 1, '202204', 290633, 252008, 173.5),
	(114, 2, '202203', 493566, 378184, 217),
	(115, 1, '202203', 224012, 194242, 184),
	(116, 2, '202202', 238760, 192028, 207),
	(117, 1, '202202', 240564, 158592, 184),
	(118, 1, '202201', 269457, 233646, 171);

-- Listage de la structure de la table ecfc6. ligne_bulletin
CREATE TABLE IF NOT EXISTS `ligne_bulletin` (
  `id` int(11) NOT NULL AUTO_INCREMENT,
  `numero` int(11) NOT NULL COMMENT 'numéro de ligne',
  `bulletin_id` int(11) NOT NULL,
  `rubrique_id` int(11) NOT NULL,
  `libelle` varchar(50) NOT NULL,
  `base` double NOT NULL,
  `nombre` float NOT NULL,
  `taux_salarial` float NOT NULL,
  `montant_salarial` int(11) NOT NULL,
  `taux_patronal` float NOT NULL,
  `montant_patronal` int(11) NOT NULL,
  PRIMARY KEY (`id`),
  KEY `numero` (`numero`),
  KEY `FK__bulletin` (`bulletin_id`),
  KEY `FK__rubrique` (`rubrique_id`),
  CONSTRAINT `FK__bulletin` FOREIGN KEY (`bulletin_id`) REFERENCES `bulletin` (`id`) ON UPDATE CASCADE,
  CONSTRAINT `FK__rubrique` FOREIGN KEY (`rubrique_id`) REFERENCES `rubrique` (`id`) ON UPDATE CASCADE
) ENGINE=InnoDB AUTO_INCREMENT=2695 DEFAULT CHARSET=utf8mb4;

-- Listage des données de la table ecfc6.ligne_bulletin : ~2 693 rows (environ)
INSERT INTO `ligne_bulletin` (`id`, `numero`, `bulletin_id`, `rubrique_id`, `libelle`, `base`, `nombre`, `taux_salarial`, `montant_salarial`, `taux_patronal`, `montant_patronal`) VALUES
	(1, 1, 1, 71, 'C.R.E. Tranche 1 - non cadre', 269457, 0, 3.1, -8353, 4.65, -12530),
	(2, 1, 1, 72, 'AGFF Tranche 1', 269457, 0, 0.8, -2156, 1.2, -3233),
	(3, 1, 1, 75, 'C.R.E. Tranche 2 - non cadre', 0, 0, 8.1, 0, 12.15, 0),
	(4, 1, 1, 77, 'TOTAL DES RETENUES SUR LE BRUT', 0, 0, 0, -35811, 0, -108968),
	(5, 1, 1, 78, 'NET IMPOSABLE', 0, 0, 0, 233646, 0, 0),
	(6, 1, 1, 90, 'NET A PAYER', 0, 0, 0, 233646, 0, 0),
	(7, 1, 1, 1, 'Salaire de base', 1414.98, 133, 0, 188192, 0, 0),
	(8, 1, 1, 2, 'Jour férié / chômé', 1414.98, 30, 0, 42449, 0, 0),
	(9, 1, 1, 7, 'Heures de nuit à 25%', 1414.98, 8, 125, 14150, 0, 0),
	(10, 11, 1, 29, 'Repos compensateur payé 20%', 1414.98, 0.6, 20, 170, 0, 0),
	(11, 1, 1, 76, 'ASSIETTE C.E.S.', 0, 0, 0, 244961, 0, 0),
	(12, 1, 1, 43, 'Indemnité de congés payés', 244960, 0, 10, 24496, 0, 0),
	(13, 1, 1, 50, 'BRUT SOUMIS A COTISATIONS', 0, 0, 0, 269457, 0, 0),
	(14, 1, 1, 55, 'SALAIRE BRUT', 0, 0, 0, 269457, 0, 0),
	(15, 1, 1, 56, 'Cotisations CAFAT', 269457, 0, 4.54, -12233, 17.71, -47721),
	(16, 1, 1, 57, 'COTISATION CAFAT RUAMM Tranche 1', 269457, 0, 3.85, -10374, 11.3, -30449),
	(17, 1, 1, 58, 'COTISATION CAFAT RUAMM Tranche 2', 0, 0, 1.25, 0, 3.75, 0),
	(18, 1, 1, 62, 'Accident du Travail', 269457, 0, 0, 0, 2.88, -7760),
	(19, 1, 1, 64, 'Formation Professionnelle Continue', 269457, 0, 0, 0, 0.7, -1886),
	(20, 1, 1, 65, 'Fond Social de l\'Habitat', 269457, 0, 0, 0, 2, -5389),
	(21, 1, 1, 66, 'CCS', 269457, 0, 1, -2695, 0, 0),
	(22, 1, 2, 71, 'C.R.E. Tranche 1 - non cadre', 240564, 0, 3.1, -7457, 4.65, -11186),
	(23, 1, 2, 72, 'AGFF Tranche 1', 240564, 0, 0.8, -1925, 1.2, -2887),
	(24, 1, 2, 75, 'C.R.E. Tranche 2 - non cadre', 0, 0, 8.1, 0, 12.15, 0),
	(25, 1, 2, 77, 'TOTAL DES RETENUES SUR LE BRUT', 0, 0, 0, -31972, 0, -99016),
	(26, 1, 2, 78, 'NET IMPOSABLE', 0, 0, 0, 208592, 0, 0),
	(27, 1, 2, 83, 'Acompte', 50000, 1, 0, -50000, 0, 0),
	(28, 1, 2, 90, 'NET A PAYER', 0, 0, 0, 158592, 0, 0),
	(29, 1, 2, 1, 'Salaire de base', 998.96, 147, 0, 146847, 0, 0),
	(30, 1, 2, 11, 'Heures majorées à 25%', 998.96, 15, 125, 18731, 0, 0),
	(31, 1, 2, 12, 'Heures majorées à 50 %', 998.96, 10.5, 150, 15734, 0, 0),
	(32, 1, 2, 13, 'Heures majorées à 75%', 998.96, 11.5, 175, 20104, 0, 0),
	(33, 11, 2, 29, 'Repos compensateur payé 20%', 998.96, 3.9, 20, 779, 0, 0),
	(34, 1, 2, 76, 'ASSIETTE C.E.S.', 0, 0, 0, 202195, 0, 0),
	(35, 1, 2, 39, 'Prime Nuitée', 1500, 11, 0, 16500, 0, 0),
	(36, 1, 2, 43, 'Indemnité de congés payés', 218694, 0, 10, 21869, 0, 0),
	(37, 1, 2, 50, 'BRUT SOUMIS A COTISATIONS', 0, 0, 0, 240564, 0, 0),
	(38, 1, 2, 55, 'SALAIRE BRUT', 0, 0, 0, 240564, 0, 0),
	(39, 1, 2, 56, 'Cotisations CAFAT', 240564, 0, 4.54, -10922, 17.71, -42604),
	(40, 1, 2, 57, 'COTISATION CAFAT RUAMM Tranche 1', 240564, 0, 3.85, -9262, 11.3, -27184),
	(41, 1, 2, 58, 'COTISATION CAFAT RUAMM Tranche 2', 0, 0, 1.25, 0, 3.75, 0),
	(42, 1, 2, 62, 'Accident du Travail', 240564, 0, 0, 0, 3.6, -8660),
	(43, 1, 2, 64, 'Formation Professionnelle Continue', 240564, 0, 0, 0, 0.7, -1684),
	(44, 1, 2, 65, 'Fond Social de l\'Habitat', 240564, 0, 0, 0, 2, -4811),
	(45, 1, 2, 66, 'CCS', 240564, 0, 1, -2406, 0, 0),
	(46, 1, 3, 71, 'C.R.E. Tranche 1 - non cadre ', 238760, 0, 3.1, -7402, 4.65, -11102),
	(47, 1, 3, 72, 'AGFF Tranche 1 ', 238760, 0, 0.8, -1910, 1.2, -2865),
	(48, 1, 3, 75, 'C.R.E. Tranche 2 - non cadre ', 0, 0, 8.1, 0, 12.15, 0),
	(49, 1, 3, 77, 'TOTAL DES RETENUES SUR LE BRUT ', 0, 0, 0, -31732, 0, -98272),
	(50, 1, 3, 78, 'NET IMPOSABLE ', 0, 0, 0, 207028, 0, 0),
	(51, 1, 3, 83, 'Acompte', 15000, 1, 0, -15000, 0, 0),
	(52, 1, 3, 90, 'NET A PAYER ', 0, 0, 0, 192028, 0, 0),
	(53, 1, 3, 1, 'Salaire de base', 904.804, 147, 0, 133006, 0, 0),
	(54, 1, 3, 4, 'Heures de nuit à 15%', 904.804, 46, 115, 47864, 0, 0),
	(55, 1, 3, 11, 'Heures majorées à 25%', 904.804, 14, 125, 15834, 0, 0),
	(56, 11, 3, 29, 'Repos compensateur payé 20%', 904.804, 4.7, 20, 851, 0, 0),
	(57, 1, 3, 76, 'ASSIETTE C.E.S.', 0, 0, 0, 197555, 0, 0),
	(58, 1, 3, 39, 'Prime Nuitée ', 1500, 13, 0, 19500, 0, 0),
	(59, 1, 3, 43, 'Indemnité de congés payés ', 217054, 0, 10, 21705, 0, 0),
	(60, 1, 3, 50, 'BRUT SOUMIS A COTISATIONS ', 0, 0, 0, 238760, 0, 0),
	(61, 1, 3, 55, 'SALAIRE BRUT ', 0, 0, 0, 238760, 0, 0),
	(62, 1, 3, 56, 'Cotisations CAFAT ', 238760, 0, 4.54, -10840, 17.71, -42284),
	(63, 1, 3, 57, 'COTISATION CAFAT RUAMM Tranche 1 ', 238760, 0, 3.85, -9192, 11.3, -26980),
	(64, 1, 3, 58, 'COTISATION CAFAT RUAMM Tranche 2 ', 0, 0, 1.25, 0, 3.75, 0),
	(65, 1, 3, 62, 'Accident du Travail ', 238760, 0, 0, 0, 3.6, -8595),
	(66, 1, 3, 64, 'Formation Professionnelle Continue ', 238760, 0, 0, 0, 0.7, -1671),
	(67, 1, 3, 65, 'Fond Social de l\'Habitat ', 238760, 0, 0, 0, 2, -4775),
	(68, 1, 3, 66, 'CCS ', 238760, 0, 1, -2388, 0, 0),
	(69, 1, 4, 71, 'C.R.E. Tranche 1 - non cadre ', 224012, 0, 3.1, -6944, 4.65, -10417),
	(70, 1, 4, 72, 'AGFF Tranche 1 ', 224012, 0, 0.8, -1792, 1.2, -2688),
	(71, 1, 4, 75, 'C.R.E. Tranche 2 - non cadre ', 0, 0, 8.1, 0, 12.15, 0),
	(72, 1, 4, 77, 'TOTAL DES RETENUES SUR LE BRUT ', 0, 0, 0, -29770, 0, -92203),
	(73, 1, 4, 78, 'NET IMPOSABLE ', 0, 0, 0, 194242, 0, 0),
	(74, 1, 4, 90, 'NET A PAYER ', 0, 0, 0, 194242, 0, 0),
	(75, 1, 4, 1, 'Salaire de base', 904.804, 46, 0, 41621, 0, 0),
	(76, 1, 4, 4, 'Heures de nuit à 15%', 904.804, 138, 115, 143592, 0, 0),
	(77, 11, 4, 29, 'Repos compensateur payé 20%', 904.804, 2.4, 20, 434, 0, 0),
	(78, 1, 4, 76, 'ASSIETTE C.E.S.', 0, 0, 0, 185647, 0, 0),
	(79, 1, 4, 39, 'Prime Nuitée ', 1500, 12, 0, 18000, 0, 0),
	(80, 1, 4, 43, 'Indemnité de congés payés ', 203647, 0, 10, 20365, 0, 0),
	(81, 1, 4, 50, 'BRUT SOUMIS A COTISATIONS ', 0, 0, 0, 224012, 0, 0),
	(82, 1, 4, 55, 'SALAIRE BRUT ', 0, 0, 0, 224012, 0, 0),
	(83, 1, 4, 56, 'Cotisations CAFAT ', 224012, 0, 4.54, -10170, 17.71, -39673),
	(84, 1, 4, 57, 'COTISATION CAFAT RUAMM Tranche 1 ', 224012, 0, 3.85, -8624, 11.3, -25313),
	(85, 1, 4, 58, 'COTISATION CAFAT RUAMM Tranche 2 ', 0, 0, 1.25, 0, 3.75, 0),
	(86, 1, 4, 62, 'Accident du Travail ', 224012, 0, 0, 0, 3.6, -8064),
	(87, 1, 4, 64, 'Formation Professionnelle Continue ', 224012, 0, 0, 0, 0.7, -1568),
	(88, 1, 4, 65, 'Fond Social de l\'Habitat ', 224012, 0, 0, 0, 2, -4480),
	(89, 1, 4, 66, 'CCS ', 224012, 0, 1, -2240, 0, 0),
	(90, 1, 5, 71, 'C.R.E. Tranche 1 - non cadre ', 378281, 0, 3.1, -11727, 4.65, -17590),
	(91, 1, 5, 72, 'AGFF Tranche 1 ', 378281, 0, 0.8, -3026, 1.2, -4539),
	(92, 1, 5, 75, 'C.R.E. Tranche 2 - non cadre ', 115285, 0, 8.1, -9338, 12.15, -14007),
	(93, 1, 5, 77, 'TOTAL DES RETENUES SUR LE BRUT ', 0, 0, 0, -65179, 0, -178482),
	(94, 1, 5, 78, 'NET IMPOSABLE ', 0, 0, 0, 180128, 0, 0),
	(95, 1, 5, 81, 'Opposition sur salaire/CHN 2180/2015 ', 13203, 1, 0, -13203, 0, 0),
	(96, 1, 5, 83, 'Acompte', 37000, 1, 0, -37000, 0, 0),
	(97, 1, 5, 90, 'NET A PAYER ', 0, 0, 0, 378184, 0, 0),
	(98, 1, 5, 1, 'Salaire de base', 935.195, 156, 0, 145890, 0, 0),
	(99, 1, 5, 2, 'Jour férié / chômé ', 935.195, 15, 0, 14028, 0, 0),
	(100, 1, 5, 11, 'Heures majorées à 25%', 935.195, 29, 125, 33901, 0, 0),
	(101, 1, 5, 12, 'Heures majorées à 50 %', 935.195, 17, 150, 23847, 0, 0),
	(102, 1, 5, 16, 'Heure de trajet 50%', 935.195, 7.5, 50, 3507, 0, 0),
	(103, 11, 5, 29, 'Repos compensateur payé 20%', 935.195, 9.8, 20, 1833, 0, 0),
	(104, 1, 5, 76, 'ASSIETTE C.E.S.', 0, 0, 0, 223006, 0, 0),
	(105, 1, 5, 43, 'Indemnité de congés payés ', 223009, 0, 10, 22301, 0, 0),
	(106, 1, 5, 44, 'Indemnité de précarité ', 1655060, 0, 15, 248259, 0, 0),
	(107, 1, 5, 50, 'BRUT SOUMIS A COTISATIONS ', 0, 0, 0, 493566, 0, 0),
	(108, 1, 5, 55, 'SALAIRE BRUT ', 0, 0, 0, 493566, 0, 0),
	(109, 1, 5, 56, 'Cotisations CAFAT ', 354900, 0, 4.54, -16112, 17.71, -62853),
	(110, 1, 5, 57, 'COTISATION CAFAT RUAMM Tranche 1 ', 493566, 0, 3.85, -19002, 11.3, -55773),
	(111, 1, 5, 58, 'COTISATION CAFAT RUAMM Tranche 2 ', 0, 0, 1.25, 0, 3.75, 0),
	(112, 1, 5, 62, 'Accident du Travail ', 354900, 0, 0, 0, 3.6, -12776),
	(113, 1, 5, 64, 'Formation Professionnelle Continue ', 493566, 0, 0, 0, 0.7, -3455),
	(114, 1, 5, 65, 'Fond Social de l\'Habitat ', 299500, 0, 0, 0, 2, -5990),
	(115, 1, 5, 66, 'CCS ', 493566, 0, 1, -4936, 0, 0),
	(116, 1, 6, 1, 'Salaire de base', 1414.98, 172, 0, 243377, 0, 0),
	(117, 1, 6, 11, 'Heures majorées à 25%', 1414.98, 1.5, 125, 2653, 0, 0),
	(118, 1, 6, 76, 'ASSIETTE C.E.S.', 0, 0, 0, 246030, 0, 0),
	(119, 1, 6, 32, 'Prime exceptionnelle ', 20000, 1, 0, 20000, 0, 0),
	(120, 1, 6, 43, 'Indemnité de congés payés ', 246029, 0, 10, 24603, 0, 0),
	(121, 1, 6, 50, 'BRUT SOUMIS A COTISATIONS ', 0, 0, 0, 290633, 0, 0),
	(122, 1, 6, 55, 'SALAIRE BRUT ', 0, 0, 0, 290633, 0, 0),
	(123, 1, 6, 56, 'Cotisations CAFAT ', 290633, 0, 4.54, -13195, 17.71, -51471),
	(124, 1, 6, 57, 'COTISATION CAFAT RUAMM Tranche 1 ', 290633, 0, 3.85, -11189, 11.3, -32842),
	(125, 1, 6, 58, 'COTISATION CAFAT RUAMM Tranche 2 ', 0, 0, 1.25, 0, 3.75, 0),
	(126, 1, 6, 62, 'Accident du Travail ', 290633, 0, 0, 0, 2.88, -8370),
	(127, 1, 6, 64, 'Formation Professionnelle Continue ', 290633, 0, 0, 0, 0.7, -2034),
	(128, 1, 6, 65, 'Fond Social de l\'Habitat ', 290633, 0, 0, 0, 2, -5813),
	(129, 1, 6, 66, 'CCS ', 290633, 0, 1, -2906, 0, 0),
	(130, 1, 6, 71, 'C.R.E. Tranche 1 - non cadre ', 290633, 0, 3.1, -9010, 4.65, -13514),
	(131, 1, 6, 72, 'AGFF Tranche 1 ', 290633, 0, 0.8, -2325, 1.2, -3488),
	(132, 1, 6, 75, 'C.R.E. Tranche 2 - non cadre ', 0, 0, 8.1, 0, 12.15, 0),
	(133, 1, 6, 77, 'TOTAL DES RETENUES SUR LE BRUT ', 0, 0, 0, -38625, 0, -117532),
	(134, 1, 6, 78, 'NET IMPOSABLE ', 0, 0, 0, 252008, 0, 0),
	(135, 1, 6, 90, 'NET A PAYER ', 0, 0, 0, 252008, 0, 0),
	(136, 1, 7, 1, 'Salaire de base', 1061.597, 172, 0, 182595, 0, 0),
	(137, 1, 7, 76, 'ASSIETTE C.E.S.', 0, 0, 0, 182595, 0, 0),
	(138, 1, 7, 43, 'Indemnité de congés payés ', 182594, 0, 10, 18259, 0, 0),
	(139, 1, 7, 50, 'BRUT SOUMIS A COTISATIONS ', 0, 0, 0, 200854, 0, 0),
	(140, 1, 7, 55, 'SALAIRE BRUT ', 0, 0, 0, 200854, 0, 0),
	(141, 1, 7, 56, 'Cotisations CAFAT ', 200854, 0, 4.54, -9119, 17.71, -35571),
	(142, 1, 7, 57, 'COTISATION CAFAT RUAMM Tranche 1 ', 200854, 0, 3.85, -7733, 11.3, -22697),
	(143, 1, 7, 58, 'COTISATION CAFAT RUAMM Tranche 2 ', 0, 0, 1.25, 0, 3.75, 0),
	(144, 1, 7, 62, 'Accident du Travail ', 200854, 0, 0, 0, 2.88, -5785),
	(145, 1, 7, 64, 'Formation Professionnelle Continue ', 200854, 0, 0, 0, 0.7, -1406),
	(146, 1, 7, 65, 'Fond Social de l\'Habitat ', 200854, 0, 0, 0, 2, -4017),
	(147, 1, 7, 66, 'CCS ', 200854, 0, 1, -2009, 0, 0),
	(148, 1, 7, 71, 'C.R.E. Tranche 1 - non cadre ', 200854, 0, 3.1, -6226, 4.65, -9340),
	(149, 1, 7, 72, 'AGFF Tranche 1 ', 200854, 0, 0.8, -1607, 1.2, -2410),
	(150, 1, 7, 75, 'C.R.E. Tranche 2 - non cadre ', 0, 0, 8.1, 0, 12.15, 0),
	(151, 1, 7, 77, 'TOTAL DES RETENUES SUR LE BRUT ', 0, 0, 0, -26694, 0, -81226),
	(152, 1, 7, 78, 'NET IMPOSABLE ', 0, 0, 0, 174160, 0, 0),
	(153, 1, 7, 83, 'Acompte', 60000, 1, 0, -60000, 0, 0),
	(154, 1, 7, 90, 'NET A PAYER ', 0, 0, 0, 114160, 0, 0),
	(155, 1, 8, 1, 'Salaire de base', 943.136, 172, 0, 162219, 0, 0),
	(156, 1, 8, 76, 'ASSIETTE C.E.S.', 0, 0, 0, 162219, 0, 0),
	(157, 1, 8, 43, 'Indemnité de congés payés ', 162218, 0, 10, 16222, 0, 0),
	(158, 1, 8, 50, 'BRUT SOUMIS A COTISATIONS ', 0, 0, 0, 178441, 0, 0),
	(159, 1, 8, 55, 'SALAIRE BRUT ', 0, 0, 0, 178441, 0, 0),
	(160, 1, 8, 56, 'Cotisations CAFAT ', 178441, 0, 4.54, -8101, 17.71, -31602),
	(161, 1, 8, 57, 'COTISATION CAFAT RUAMM Tranche 1 ', 178441, 0, 3.85, -6870, 11.3, -20164),
	(162, 1, 8, 58, 'COTISATION CAFAT RUAMM Tranche 2 ', 0, 0, 1.25, 0, 3.75, 0),
	(163, 1, 8, 62, 'Accident du Travail ', 178441, 0, 0, 0, 2.88, -5139),
	(164, 1, 8, 64, 'Formation Professionnelle Continue ', 178441, 0, 0, 0, 0.7, -1249),
	(165, 1, 8, 65, 'Fond Social de l\'Habitat ', 178441, 0, 0, 0, 2, -3569),
	(166, 1, 8, 66, 'CCS ', 178441, 0, 1, -1784, 0, 0),
	(167, 1, 8, 71, 'C.R.E. Tranche 1 - non cadre ', 178441, 0, 3.1, -5532, 4.65, -8298),
	(168, 1, 8, 72, 'AGFF Tranche 1 ', 178441, 0, 0.8, -1428, 1.2, -2141),
	(169, 1, 8, 75, 'C.R.E. Tranche 2 - non cadre ', 0, 0, 8.1, 0, 12.15, 0),
	(170, 1, 8, 77, 'TOTAL DES RETENUES SUR LE BRUT ', 0, 0, 0, -23715, 0, -72162),
	(171, 1, 8, 78, 'NET IMPOSABLE ', 0, 0, 0, 154726, 0, 0),
	(172, 1, 8, 83, 'Acompte', 30000, 1, 0, -30000, 0, 0),
	(173, 1, 8, 90, 'NET A PAYER ', 0, 0, 0, 124726, 0, 0),
	(174, 1, 9, 1, 'Salaire de base', 943.136, 172, 0, 162219, 0, 0),
	(175, 1, 9, 7, 'Heures de nuit à 25%', 943.136, 3, 125, 3537, 0, 0),
	(176, 1, 9, 76, 'ASSIETTE C.E.S.', 0, 0, 0, 165756, 0, 0),
	(177, 1, 9, 43, 'Indemnité de congés payés ', 165755, 0, 10, 16576, 0, 0),
	(178, 1, 9, 50, 'BRUT SOUMIS A COTISATIONS ', 0, 0, 0, 182332, 0, 0),
	(179, 1, 9, 55, 'SALAIRE BRUT ', 0, 0, 0, 182332, 0, 0),
	(180, 1, 9, 56, 'Cotisations CAFAT ', 182332, 0, 4.54, -8278, 17.71, -32291),
	(181, 1, 9, 57, 'COTISATION CAFAT RUAMM Tranche 1 ', 182332, 0, 3.85, -7020, 11.3, -20604),
	(182, 1, 9, 58, 'COTISATION CAFAT RUAMM Tranche 2 ', 0, 0, 1.25, 0, 3.75, 0),
	(183, 1, 9, 62, 'Accident du Travail ', 182332, 0, 0, 0, 2.88, -5251),
	(184, 1, 9, 64, 'Formation Professionnelle Continue ', 182332, 0, 0, 0, 0.7, -1276),
	(185, 1, 9, 65, 'Fond Social de l\'Habitat ', 182332, 0, 0, 0, 2, -3647),
	(186, 1, 9, 66, 'CCS ', 182332, 0, 1, -1823, 0, 0),
	(187, 1, 9, 71, 'C.R.E. Tranche 1 - non cadre ', 182332, 0, 3.1, -5652, 4.65, -8478),
	(188, 1, 9, 72, 'AGFF Tranche 1 ', 182332, 0, 0.8, -1459, 1.2, -2188),
	(189, 1, 9, 75, 'C.R.E. Tranche 2 - non cadre ', 0, 0, 8.1, 0, 12.15, 0),
	(190, 1, 9, 77, 'TOTAL DES RETENUES SUR LE BRUT ', 0, 0, 0, -24232, 0, -73735),
	(191, 1, 9, 78, 'NET IMPOSABLE ', 0, 0, 0, 158100, 0, 0),
	(192, 1, 9, 90, 'NET A PAYER ', 0, 0, 0, 158100, 0, 0),
	(193, 1, 10, 1, 'Salaire de base', 1061.597, 172, 0, 182595, 0, 0),
	(194, 1, 10, 76, 'ASSIETTE C.E.S.', 0, 0, 0, 182595, 0, 0),
	(195, 1, 10, 43, 'Indemnité de congés payés ', 182594, 0, 10, 18259, 0, 0),
	(196, 1, 10, 50, 'BRUT SOUMIS A COTISATIONS ', 0, 0, 0, 200854, 0, 0),
	(197, 1, 10, 55, 'SALAIRE BRUT ', 0, 0, 0, 200854, 0, 0),
	(198, 1, 10, 56, 'Cotisations CAFAT ', 200854, 0, 4.54, -9119, 17.71, -35571),
	(199, 1, 10, 57, 'COTISATION CAFAT RUAMM Tranche 1 ', 200854, 0, 3.85, -7733, 11.3, -22697),
	(200, 1, 10, 58, 'COTISATION CAFAT RUAMM Tranche 2 ', 0, 0, 1.25, 0, 3.75, 0),
	(201, 1, 10, 62, 'Accident du Travail ', 200854, 0, 0, 0, 2.88, -5785),
	(202, 1, 10, 64, 'Formation Professionnelle Continue ', 200854, 0, 0, 0, 0.7, -1406),
	(203, 1, 10, 65, 'Fond Social de l\'Habitat ', 200854, 0, 0, 0, 2, -4017),
	(204, 1, 10, 66, 'CCS ', 200854, 0, 1, -2009, 0, 0),
	(205, 1, 10, 71, 'C.R.E. Tranche 1 - non cadre ', 200854, 0, 3.1, -6226, 4.65, -9340),
	(206, 1, 10, 72, 'AGFF Tranche 1 ', 200854, 0, 0.8, -1607, 1.2, -2410),
	(207, 1, 10, 75, 'C.R.E. Tranche 2 - non cadre ', 0, 0, 8.1, 0, 12.15, 0),
	(208, 1, 10, 77, 'TOTAL DES RETENUES SUR LE BRUT ', 0, 0, 0, -26694, 0, -81226),
	(209, 1, 10, 78, 'NET IMPOSABLE ', 0, 0, 0, 174160, 0, 0),
	(210, 1, 10, 81, 'Opposition sur salaire/Tribunal 2008/528', 11803, 1, 0, -11803, 0, 0),
	(211, 1, 10, 83, 'Acompte', 15000, 1, 0, -15000, 0, 0),
	(212, 1, 10, 90, 'NET A PAYER ', 0, 0, 0, 147357, 0, 0),
	(213, 1, 11, 1, 'Salaire de base', 935.195, 156.5, 0, 146358, 0, 0),
	(214, 1, 11, 11, 'Heures majorées à 25%', 935.195, 13, 125, 15197, 0, 0),
	(215, 1, 11, 12, 'Heures majorées à 50 %', 935.195, 19, 150, 26653, 0, 0),
	(216, 1, 11, 16, 'Heure de trajet 50%', 935.195, 10.5, 50, 4910, 0, 0),
	(217, 11, 11, 29, 'Repos compensateur payé 20%', 935.195, 5.2, 20, 973, 0, 0),
	(218, 1, 11, 76, 'ASSIETTE C.E.S.', 0, 0, 0, 194091, 0, 0),
	(219, 12, 11, 32, 'Prime exceptionnelle ', 50000, 1, 0, 50000, 0, 0),
	(220, 13, 11, 32, 'Prime de chantier ', 88750, 1, 0, 88750, 0, 0),
	(221, 1, 11, 43, 'Indemnité de congés payés ', 194091, 0, 10, 19409, 0, 0),
	(222, 1, 11, 50, 'BRUT SOUMIS A COTISATIONS ', 0, 0, 0, 352250, 0, 0),
	(223, 1, 11, 55, 'SALAIRE BRUT ', 0, 0, 0, 352250, 0, 0),
	(224, 1, 11, 56, 'Cotisations CAFAT ', 352250, 0, 4.54, -15992, 17.71, -62383),
	(225, 1, 11, 57, 'COTISATION CAFAT RUAMM Tranche 1 ', 352250, 0, 3.85, -13562, 11.3, -39804),
	(226, 1, 11, 58, 'COTISATION CAFAT RUAMM Tranche 2 ', 0, 0, 1.25, 0, 3.75, 0),
	(227, 1, 11, 62, 'Accident du Travail ', 352250, 0, 0, 0, 3.6, -12681),
	(228, 1, 11, 64, 'Formation Professionnelle Continue ', 352250, 0, 0, 0, 0.7, -2466),
	(229, 1, 11, 65, 'Fond Social de l\'Habitat ', 299500, 0, 0, 0, 2, -5990),
	(230, 1, 11, 66, 'CCS ', 352250, 0, 1, -3523, 0, 0),
	(231, 1, 11, 71, 'C.R.E. Tranche 1 - non cadre ', 352250, 0, 3.1, -10920, 4.65, -16380),
	(232, 1, 11, 72, 'AGFF Tranche 1 ', 352250, 0, 0.8, -2818, 1.2, -4227),
	(233, 1, 11, 75, 'C.R.E. Tranche 2 - non cadre ', 0, 0, 8.1, 0, 12.15, 0),
	(234, 1, 11, 77, 'TOTAL DES RETENUES SUR LE BRUT ', 0, 0, 0, -46815, 0, -143931),
	(235, 1, 11, 78, 'NET IMPOSABLE ', 0, 0, 0, 305435, 0, 0),
	(236, 1, 11, 81, 'Opposition sur salaire CHN N°2180/2015 ', 41189, 1, 0, -41189, 0, 0),
	(237, 1, 11, 90, 'NET A PAYER ', 0, 0, 0, 264246, 0, 0),
	(238, 1, 12, 1, 'Salaire de base', 904.804, 167, 0, 151102, 0, 0),
	(239, 1, 12, 3, 'Heures de nuit à 100%', 904.804, 6, 200, 10858, 0, 0),
	(240, 1, 12, 11, 'Heures majorées à 25%', 904.804, 6.5, 125, 7352, 0, 0),
	(241, 11, 12, 29, 'Repos compensateur payé 20%', 904.804, 0.2, 20, 36, 0, 0),
	(242, 1, 12, 76, 'ASSIETTE C.E.S.', 0, 0, 0, 169348, 0, 0),
	(243, 1, 12, 43, 'Indemnité de congés payés ', 169347, 0, 10, 16935, 0, 0),
	(244, 1, 12, 47, 'Prime de panier ', 102, 13, 0, 1326, 0, 0),
	(245, 1, 12, 50, 'BRUT SOUMIS A COTISATIONS ', 0, 0, 0, 187609, 0, 0),
	(246, 1, 12, 52, 'Prime de panier ', 898, 13, 0, 11674, 0, 0),
	(247, 1, 12, 55, 'SALAIRE BRUT ', 0, 0, 0, 199283, 0, 0),
	(248, 1, 12, 56, 'Cotisations CAFAT ', 187609, 0, 4.54, -8517, 17.71, -33226),
	(249, 1, 12, 57, 'COTISATION CAFAT RUAMM Tranche 1 ', 187609, 0, 3.85, -7223, 11.3, -21200),
	(250, 1, 12, 58, 'COTISATION CAFAT RUAMM Tranche 2 ', 0, 0, 1.25, 0, 3.75, 0),
	(251, 1, 12, 62, 'Accident du Travail ', 187609, 0, 0, 0, 3.6, -6754),
	(252, 1, 12, 64, 'Formation Professionnelle Continue ', 187609, 0, 0, 0, 0.7, -1313),
	(253, 1, 12, 65, 'Fond Social de l\'Habitat ', 187609, 0, 0, 0, 2, -3752),
	(254, 1, 12, 66, 'CCS ', 187609, 0, 1, -1876, 0, 0),
	(255, 1, 12, 71, 'C.R.E. Tranche 1 - non cadre ', 187609, 0, 3.1, -5816, 4.65, -8724),
	(256, 1, 12, 72, 'AGFF Tranche 1 ', 187609, 0, 0.8, -1501, 1.2, -2251),
	(257, 1, 12, 75, 'C.R.E. Tranche 2 - non cadre ', 0, 0, 8.1, 0, 12.15, 0),
	(258, 1, 12, 77, 'TOTAL DES RETENUES SUR LE BRUT ', 0, 0, 0, -24933, 0, -77220),
	(259, 1, 12, 78, 'NET IMPOSABLE ', 0, 0, 0, 162676, 0, 0),
	(260, 1, 12, 81, 'Opposition sur salaire:CHN 7646/2015 ', 9037, 1, 0, -9037, 0, 0),
	(261, 1, 12, 83, 'Acompte', 15000, 1, 0, -15000, 0, 0),
	(262, 1, 12, 88, 'Avance sur frais ', 1535, 1, 0, -1535, 0, 0),
	(263, 1, 12, 90, 'NET A PAYER ', 0, 0, 0, 148778, 0, 0),
	(264, 1, 13, 1, 'Salaire de base', 951.136, 164, 0, 155986, 0, 0),
	(265, 1, 13, 11, 'Heures majorées à 25%', 951.136, 16, 125, 19023, 0, 0),
	(266, 11, 13, 29, 'Repos compensateur payé 20%', 951.136, 2, 20, 380, 0, 0),
	(267, 1, 13, 76, 'ASSIETTE C.E.S.', 0, 0, 0, 175389, 0, 0),
	(268, 1, 13, 43, 'Indemnité de congés payés ', 175387, 0, 10, 17539, 0, 0),
	(269, 1, 13, 50, 'BRUT SOUMIS A COTISATIONS ', 0, 0, 0, 192928, 0, 0),
	(270, 1, 13, 55, 'SALAIRE BRUT ', 0, 0, 0, 192928, 0, 0),
	(271, 1, 13, 56, 'Cotisations CAFAT ', 192928, 0, 4.54, -8759, 17.71, -34168),
	(272, 1, 13, 57, 'COTISATION CAFAT RUAMM Tranche 1 ', 192928, 0, 3.85, -7428, 11.3, -21801),
	(273, 1, 13, 58, 'COTISATION CAFAT RUAMM Tranche 2 ', 0, 0, 1.25, 0, 3.75, 0),
	(274, 1, 13, 62, 'Accident du Travail ', 192928, 0, 0, 0, 3.6, -6945),
	(275, 1, 13, 64, 'Formation Professionnelle Continue ', 192928, 0, 0, 0, 0.7, -1350),
	(276, 1, 13, 65, 'Fond Social de l\'Habitat ', 192928, 0, 0, 0, 2, -3859),
	(277, 1, 13, 66, 'CCS ', 192928, 0, 1, -1929, 0, 0),
	(278, 1, 13, 71, 'C.R.E. Tranche 1 - non cadre ', 192928, 0, 3.1, -5981, 4.65, -8971),
	(279, 1, 13, 72, 'AGFF Tranche 1 ', 192928, 0, 0.8, -1543, 1.2, -2315),
	(280, 1, 13, 75, 'C.R.E. Tranche 2 - non cadre ', 0, 0, 8.1, 0, 12.15, 0),
	(281, 1, 13, 77, 'TOTAL DES RETENUES SUR LE BRUT ', 0, 0, 0, -25640, 0, -79409),
	(282, 1, 13, 78, 'NET IMPOSABLE ', 0, 0, 0, 167288, 0, 0),
	(283, 1, 13, 83, 'Acompte', 25000, 1, 0, -25000, 0, 0),
	(284, 1, 13, 90, 'NET A PAYER ', 0, 0, 0, 142288, 0, 0),
	(285, 1, 14, 1, 'Salaire de base', 904.804, 172, 0, 155626, 0, 0),
	(286, 1, 14, 76, 'ASSIETTE C.E.S.', 0, 0, 0, 155626, 0, 0),
	(287, 1, 14, 43, 'Indemnité de congés payés ', 155625, 0, 10, 15563, 0, 0),
	(288, 1, 14, 50, 'BRUT SOUMIS A COTISATIONS ', 0, 0, 0, 171189, 0, 0),
	(289, 1, 14, 55, 'SALAIRE BRUT ', 0, 0, 0, 171189, 0, 0),
	(290, 1, 14, 56, 'Cotisations CAFAT ', 171189, 0, 4.54, -7772, 17.71, -30318),
	(291, 1, 14, 57, 'COTISATION CAFAT RUAMM Tranche 1 ', 171189, 0, 3.85, -6591, 11.3, -19344),
	(292, 1, 14, 58, 'COTISATION CAFAT RUAMM Tranche 2 ', 0, 0, 1.25, 0, 3.75, 0),
	(293, 1, 14, 62, 'Accident du Travail ', 171189, 0, 0, 0, 3.6, -6163),
	(294, 1, 14, 64, 'Formation Professionnelle Continue ', 171189, 0, 0, 0, 0.7, -1198),
	(295, 1, 14, 65, 'Fond Social de l\'Habitat ', 171189, 0, 0, 0, 2, -3424),
	(296, 1, 14, 66, 'CCS ', 171189, 0, 1, -1712, 0, 0),
	(297, 1, 14, 71, 'C.R.E. Tranche 1 - non cadre ', 171189, 0, 3.1, -5307, 4.65, -7960),
	(298, 1, 14, 72, 'AGFF Tranche 1 ', 171189, 0, 0.8, -1370, 1.2, -2054),
	(299, 1, 14, 75, 'C.R.E. Tranche 2 - non cadre ', 0, 0, 8.1, 0, 12.15, 0),
	(300, 1, 14, 77, 'TOTAL DES RETENUES SUR LE BRUT ', 0, 0, 0, -22752, 0, -70461),
	(301, 1, 14, 78, 'NET IMPOSABLE ', 0, 0, 0, 148437, 0, 0),
	(302, 1, 14, 83, 'Acompte', 40000, 1, 0, -40000, 0, 0),
	(303, 1, 14, 90, 'NET A PAYER ', 0, 0, 0, 108437, 0, 0),
	(304, 1, 15, 1, 'Salaire de base', 1147.74, 171.5, 0, 196837, 0, 0),
	(305, 1, 15, 76, 'ASSIETTE C.E.S.', 0, 0, 0, 196837, 0, 0),
	(306, 1, 15, 43, 'Indemnité de congés payés ', 196838, 0, 10, 19684, 0, 0),
	(307, 1, 15, 50, 'BRUT SOUMIS A COTISATIONS ', 0, 0, 0, 216521, 0, 0),
	(308, 1, 15, 55, 'SALAIRE BRUT ', 0, 0, 0, 216521, 0, 0),
	(309, 1, 15, 56, 'Cotisations CAFAT ', 216521, 0, 4.54, -9830, 17.71, -38346),
	(310, 1, 15, 57, 'COTISATION CAFAT RUAMM Tranche 1 ', 216521, 0, 3.85, -8336, 11.3, -24467),
	(311, 1, 15, 58, 'COTISATION CAFAT RUAMM Tranche 2 ', 0, 0, 1.25, 0, 3.75, 0),
	(312, 1, 15, 62, 'Accident du Travail ', 216521, 0, 0, 0, 3.6, -7795),
	(313, 1, 15, 64, 'Formation Professionnelle Continue ', 216521, 0, 0, 0, 0.7, -1516),
	(314, 1, 15, 65, 'Fond Social de l\'Habitat ', 216521, 0, 0, 0, 2, -4330),
	(315, 1, 15, 66, 'CCS ', 216521, 0, 1, -2165, 0, 0),
	(316, 1, 15, 71, 'C.R.E. Tranche 1 - non cadre ', 216521, 0, 3.1, -6712, 4.65, -10068),
	(317, 1, 15, 72, 'AGFF Tranche 1 ', 216521, 0, 0.8, -1732, 1.2, -2598),
	(318, 1, 15, 75, 'C.R.E. Tranche 2 - non cadre ', 0, 0, 8.1, 0, 12.15, 0),
	(319, 1, 15, 77, 'TOTAL DES RETENUES SUR LE BRUT ', 0, 0, 0, -28775, 0, -89120),
	(320, 1, 15, 78, 'NET IMPOSABLE ', 0, 0, 0, 187746, 0, 0),
	(321, 1, 15, 83, 'Acompte', 15000, 1, 0, -15000, 0, 0),
	(322, 1, 15, 90, 'NET A PAYER ', 0, 0, 0, 172746, 0, 0),
	(323, 1, 16, 1, 'Salaire de base', 1061.597, 163, 0, 173040, 0, 0),
	(324, 1, 16, 2, 'Jour férié / chômé ', 1061.597, 8, 0, 8493, 0, 0),
	(325, 1, 16, 76, 'ASSIETTE C.E.S.', 0, 0, 0, 181533, 0, 0),
	(326, 1, 16, 43, 'Indemnité de congés payés ', 181533, 0, 10, 18153, 0, 0),
	(327, 1, 16, 50, 'BRUT SOUMIS A COTISATIONS ', 0, 0, 0, 199686, 0, 0),
	(328, 1, 16, 55, 'SALAIRE BRUT ', 0, 0, 0, 199686, 0, 0),
	(329, 1, 16, 56, 'Cotisations CAFAT ', 199686, 0, 4.54, -9066, 17.71, -35364),
	(330, 1, 16, 57, 'COTISATION CAFAT RUAMM Tranche 1 ', 199686, 0, 3.85, -7688, 11.3, -22565),
	(331, 1, 16, 58, 'COTISATION CAFAT RUAMM Tranche 2 ', 0, 0, 1.25, 0, 3.75, 0),
	(332, 1, 16, 62, 'Accident du Travail ', 199686, 0, 0, 0, 2.88, -5751),
	(333, 1, 16, 64, 'Formation Professionnelle Continue ', 199686, 0, 0, 0, 0.7, -1398),
	(334, 1, 16, 65, 'Fond Social de l\'Habitat ', 199686, 0, 0, 0, 2, -3994),
	(335, 1, 16, 66, 'CCS ', 199686, 0, 1, -1997, 0, 0),
	(336, 1, 16, 71, 'C.R.E. Tranche 1 - non cadre ', 199686, 0, 3.1, -6190, 4.65, -9285),
	(337, 1, 16, 72, 'AGFF Tranche 1 ', 199686, 0, 0.8, -1597, 1.2, -2396),
	(338, 1, 16, 75, 'C.R.E. Tranche 2 - non cadre ', 0, 0, 8.1, 0, 12.15, 0),
	(339, 1, 16, 77, 'TOTAL DES RETENUES SUR LE BRUT ', 0, 0, 0, -26538, 0, -80753),
	(340, 1, 16, 78, 'NET IMPOSABLE ', 0, 0, 0, 173148, 0, 0),
	(341, 1, 16, 90, 'NET A PAYER ', 0, 0, 0, 173148, 0, 0),
	(342, 1, 17, 1, 'Salaire de base', 904.804, 167, 0, 151102, 0, 0),
	(343, 1, 17, 2, 'Jour férié / chômé ', 904.804, 8, 0, 7238, 0, 0),
	(344, 1, 17, 11, 'Heures majorées à 25%', 904.804, 4, 125, 4524, 0, 0),
	(345, 1, 17, 76, 'ASSIETTE C.E.S.', 0, 0, 0, 162864, 0, 0),
	(346, 1, 17, 43, 'Indemnité de congés payés ', 162864, 0, 10, 16286, 0, 0),
	(347, 1, 17, 47, 'Prime de panier ', 100, 12, 0, 1200, 0, 0),
	(348, 1, 17, 50, 'BRUT SOUMIS A COTISATIONS ', 0, 0, 0, 180350, 0, 0),
	(349, 1, 17, 52, 'Prime de panier ', 900, 12, 0, 10800, 0, 0),
	(350, 1, 17, 55, 'SALAIRE BRUT ', 0, 0, 0, 191150, 0, 0),
	(351, 1, 17, 56, 'Cotisations CAFAT ', 180350, 0, 4.54, -8188, 17.71, -31940),
	(352, 1, 17, 57, 'COTISATION CAFAT RUAMM Tranche 1 ', 180350, 0, 3.85, -6943, 11.3, -20380),
	(353, 1, 17, 58, 'COTISATION CAFAT RUAMM Tranche 2 ', 0, 0, 1.25, 0, 3.75, 0),
	(354, 1, 17, 62, 'Accident du travail ', 180350, 0, 0, 0, 3.6, -6493),
	(355, 1, 17, 64, 'Formation Professionnelle Continue ', 180350, 0, 0, 0, 0.7, -1262),
	(356, 1, 17, 65, 'Fond Social de l\'Habitat ', 180350, 0, 0, 0, 2, -56),
	(357, 1, 17, 66, 'CCS ', 180350, 0, 1, -1804, 0, 0),
	(358, 1, 17, 71, 'C.R.E. Tranche 1 - non cadre ', 180350, 0, 3.1, -5591, 4.65, -8386),
	(359, 1, 17, 72, 'AGFF Tranche 1 ', 180350, 0, 0.8, -1443, 1.2, -2164),
	(360, 1, 17, 75, 'C.R.E. Tranche 2 - non cadre ', 0, 0, 8.1, 0, 12.15, 0),
	(361, 1, 17, 77, 'TOTAL DES RETENUES SUR LE BRUT ', 0, 0, 0, -23969, 0, -74232),
	(362, 1, 17, 78, 'NET IMPOSABLE ', 0, 0, 0, 156381, 0, 0),
	(363, 1, 17, 90, 'NET A PAYER ', 0, 0, 0, 167181, 0, 0),
	(364, 1, 18, 1, 'Salaire de base', 904.804, 171, 0, 154721, 0, 0),
	(365, 1, 18, 2, 'Jour férié / chômé ', 904.804, 8, 0, 7238, 0, 0),
	(366, 1, 18, 76, 'ASSIETTE C.E.S.', 0, 0, 0, 161959, 0, 0),
	(367, 1, 18, 43, 'Indemnité de congés payés ', 161958, 0, 10, 16196, 0, 0),
	(368, 1, 18, 50, 'BRUT SOUMIS A COTISATIONS ', 0, 0, 0, 178155, 0, 0),
	(369, 1, 18, 55, 'SALAIRE BRUT ', 0, 0, 0, 178155, 0, 0),
	(370, 1, 18, 56, 'Cotisations CAFAT ', 178155, 0, 4.54, -8088, 17.71, -31551),
	(371, 1, 18, 57, 'COTISATION CAFAT RUAMM Tranche 1 ', 178155, 0, 3.85, -6859, 11.3, -20132),
	(372, 1, 18, 58, 'COTISATION CAFAT RUAMM Tranche 2 ', 0, 0, 1.25, 0, 3.75, 0),
	(373, 1, 18, 62, 'Accident du travail ', 178155, 0, 0, 0, 3.6, -6414),
	(374, 1, 18, 64, 'Formation Professionnelle Continue ', 178155, 0, 0, 0, 0.7, -1247),
	(375, 1, 18, 65, 'Fond Social de l\'Habitat ', 178155, 0, 0, 0, 2, -3563),
	(376, 1, 18, 66, 'CCS ', 178155, 0, 1, -1782, 0, 0),
	(377, 1, 18, 71, 'C.R.E. Tranche 1 - non cadre ', 178155, 0, 3.1, -5523, 4.65, -8284),
	(378, 1, 18, 72, 'AGFF Tranche 1 ', 178155, 0, 0.8, -1425, 1.2, -2138),
	(379, 1, 18, 75, 'C.R.E. Tranche 2 - non cadre ', 0, 0, 8.1, 0, 12.15, 0),
	(380, 1, 18, 77, 'TOTAL DES RETENUES SUR LE BRUT ', 0, 0, 0, -23677, 0, -73329),
	(381, 1, 18, 78, 'NET IMPOSABLE ', 0, 0, 0, 154478, 0, 0),
	(382, 1, 18, 81, 'Opposition sur salaire - 8636/2015 ', 5600, 1, 0, -5600, 0, 0),
	(383, 1, 18, 83, 'Acompte', 50000, 1, 0, -50000, 0, 0),
	(384, 1, 18, 90, 'NET A PAYER ', 0, 0, 0, 98878, 0, 0),
	(385, 1, 19, 1, 'Salaire de base', 904.804, 171, 0, 154721, 0, 0),
	(386, 1, 19, 2, 'Jour férié / chômé ', 904.804, 8, 0, 7238, 0, 0),
	(387, 1, 19, 76, 'ASSIETTE C.E.S.', 0, 0, 0, 161959, 0, 0),
	(388, 1, 19, 43, 'Indemnité de congés payés ', 161958, 0, 10, 16196, 0, 0),
	(389, 1, 19, 50, 'BRUT SOUMIS A COTISATIONS ', 0, 0, 0, 178155, 0, 0),
	(390, 1, 19, 55, 'SALAIRE BRUT ', 0, 0, 0, 178155, 0, 0),
	(391, 1, 19, 56, 'Cotisations CAFAT ', 178155, 0, 4.54, -8088, 17.71, -31551),
	(392, 1, 19, 57, 'COTISATION CAFAT RUAMM Tranche 1 ', 178155, 0, 3.85, -6859, 11.3, -20132),
	(393, 1, 19, 58, 'COTISATION CAFAT RUAMM Tranche 2 ', 0, 0, 1.25, 0, 3.75, 0),
	(394, 1, 19, 62, 'Accident du travail ', 178155, 0, 0, 0, 3.6, -6414),
	(395, 1, 19, 64, 'Formation Professionnelle Continue ', 178155, 0, 0, 0, 0.7, -1247),
	(396, 1, 19, 65, 'Fond Social de l\'Habitat ', 178155, 0, 0, 0, 2, -3563),
	(397, 1, 19, 66, 'CCS ', 178155, 0, 1, -1782, 0, 0),
	(398, 1, 19, 71, 'C.R.E. Tranche 1 - non cadre ', 178155, 0, 3.1, -5523, 4.65, -8284),
	(399, 1, 19, 72, 'AGFF Tranche 1 ', 178155, 0, 0.8, -1425, 1.2, -2138),
	(400, 1, 19, 75, 'C.R.E. Tranche 2 - non cadre ', 0, 0, 8.1, 0, 12.15, 0),
	(401, 1, 19, 77, 'TOTAL DES RETENUES SUR LE BRUT ', 0, 0, 0, -23677, 0, -73329),
	(402, 1, 19, 78, 'NET IMPOSABLE ', 0, 0, 0, 154478, 0, 0),
	(403, 1, 19, 83, 'Acompte', 40000, 1, 0, -40000, 0, 0),
	(404, 1, 19, 90, 'NET A PAYER ', 0, 0, 0, 114478, 0, 0),
	(405, 1, 20, 1, 'Salaire de base', 1001.18, 170, 0, 170201, 0, 0),
	(406, 1, 20, 11, 'Heures majorées à 25%', 1001.18, 14, 125, 17521, 0, 0),
	(407, 11, 20, 29, 'Repos compensateur payé 20%', 1001.18, 1.6, 20, 320, 0, 0),
	(408, 1, 20, 76, 'ASSIETTE C.E.S.', 0, 0, 0, 188042, 0, 0),
	(409, 1, 20, 39, 'Prime Nuitée', 1500, 12, 0, 18000, 0, 0),
	(410, 1, 20, 43, 'Indemnité de congés payés ', 206041, 0, 10, 20604, 0, 0),
	(411, 1, 20, 50, 'BRUT SOUMIS A COTISATIONS ', 0, 0, 0, 226646, 0, 0),
	(412, 1, 20, 55, 'SALAIRE BRUT ', 0, 0, 0, 226646, 0, 0),
	(413, 1, 20, 56, 'Cotisations CAFAT ', 226646, 0, 4.54, -10290, 17.71, -40139),
	(414, 1, 20, 57, 'COTISATION CAFAT RUAMM Tranche 1 ', 226646, 0, 3.85, -8726, 11.3, -25611),
	(415, 1, 20, 58, 'COTISATION CAFAT RUAMM Tranche 2 ', 0, 0, 1.25, 0, 3.75, 0),
	(416, 1, 20, 62, 'Accident du travail ', 226646, 0, 0, 0, 3.6, -8159),
	(417, 1, 20, 64, 'Formation Professionnelle Continue ', 226646, 0, 0, 0, 0.7, -1587),
	(418, 1, 20, 65, 'Fond Social de l\'Habitat ', 226646, 0, 0, 0, 2, -4533),
	(419, 1, 20, 66, 'CCS ', 226646, 0, 1, -2266, 0, 0),
	(420, 1, 20, 71, 'C.R.E. Tranche 1 - non cadre ', 226646, 0, 3.1, -7026, 4.65, -10539),
	(421, 1, 20, 72, 'AGFF Tranche 1 ', 226646, 0, 0.8, -1813, 1.2, -2720),
	(422, 1, 20, 75, 'C.R.E. Tranche 2 - non cadre ', 0, 0, 8.1, 0, 12.15, 0),
	(423, 1, 20, 77, 'TOTAL DES RETENUES SUR LE BRUT ', 0, 0, 0, -30121, 0, -93288),
	(424, 1, 20, 78, 'NET IMPOSABLE ', 0, 0, 0, 196525, 0, 0),
	(425, 1, 20, 86, 'Saisies-Arrêts Pension Alim', 30046, 1, 0, -30046, 0, 0),
	(426, 1, 20, 90, 'NET A PAYER ', 0, 0, 0, 166479, 0, 0),
	(427, 1, 21, 1, 'Salaire de base', 904.804, 163, 0, 147483, 0, 0),
	(428, 1, 21, 2, 'Jour férié / chômé ', 904.804, 8, 0, 7238, 0, 0),
	(429, 1, 21, 3, 'Heures de nuit à 100%', 904.804, 2.5, 200, 4524, 0, 0),
	(430, 1, 21, 11, 'Heures majorées à 25%', 904.804, 12, 125, 13572, 0, 0),
	(431, 11, 21, 29, 'Repos compensateur payé 20%', 904.804, 1.1, 20, 199, 0, 0),
	(432, 1, 21, 76, 'ASSIETTE C.E.S.', 0, 0, 0, 173016, 0, 0),
	(433, 1, 21, 43, 'Indemnité de congés payés ', 173016, 0, 10, 17302, 0, 0),
	(434, 1, 21, 47, 'Prime de panier ', 100, 16, 0, 1600, 0, 0),
	(435, 1, 21, 50, 'BRUT SOUMIS A COTISATIONS ', 0, 0, 0, 191918, 0, 0),
	(436, 1, 21, 52, 'Prime de panier ', 900, 16, 0, 14400, 0, 0),
	(437, 1, 21, 55, 'SALAIRE BRUT ', 0, 0, 0, 206318, 0, 0),
	(438, 1, 21, 56, 'Cotisations CAFAT ', 191918, 0, 4.54, -8713, 17.71, -33989),
	(439, 1, 21, 57, 'COTISATION CAFAT RUAMM Tranche 1 ', 191918, 0, 3.85, -7389, 11.3, -21687),
	(440, 1, 21, 58, 'COTISATION CAFAT RUAMM Tranche 2 ', 0, 0, 1.25, 0, 3.75, 0),
	(441, 1, 21, 62, 'Accident du travail ', 191918, 0, 0, 0, 3.6, -6909),
	(442, 1, 21, 64, 'Formation Professionnelle Continue ', 191918, 0, 0, 0, 0.7, -1343),
	(443, 1, 21, 65, 'Fond Social de l\'Habitat ', 191918, 0, 0, 0, 2, -65),
	(444, 1, 21, 66, 'CCS ', 191918, 0, 1, -1919, 0, 0),
	(445, 1, 21, 71, 'C.R.E. Tranche 1 - non cadre ', 191918, 0, 3.1, -5949, 4.65, -8924),
	(446, 1, 21, 72, 'AGFF Tranche 1 ', 191918, 0, 0.8, -1535, 1.2, -2303),
	(447, 1, 21, 75, 'C.R.E. Tranche 2 - non cadre ', 0, 0, 8.1, 0, 12.15, 0),
	(448, 1, 21, 77, 'TOTAL DES RETENUES SUR LE BRUT ', 0, 0, 0, -25505, 0, -78993),
	(449, 1, 21, 78, 'NET IMPOSABLE ', 0, 0, 0, 166413, 0, 0),
	(450, 1, 21, 81, 'Opposition sur salaire - 7646/2015 ', 9737, 1, 0, -9737, 0, 0),
	(451, 1, 21, 83, 'Acompte', 20000, 1, 0, -20000, 0, 0),
	(452, 1, 21, 90, 'NET A PAYER ', 0, 0, 0, 151076, 0, 0),
	(453, 1, 22, 1, 'Salaire de base', 0, 789.35, 0, 0, 0, 0),
	(454, 1, 22, 76, 'ASSIETTE C.E.S.', 0, 0, 0, 0, 0, 0),
	(455, 1, 22, 44, 'Indemnité de précarité ', 847252, 0, 15, 127088, 0, 0),
	(456, 1, 22, 50, 'BRUT SOUMIS A COTISATIONS ', 0, 0, 0, 127088, 0, 0),
	(457, 1, 22, 55, 'SALAIRE BRUT ', 0, 0, 0, 127088, 0, 0),
	(458, 1, 22, 56, 'Cotisations CAFAT ', 127088, 0, 4.54, -5770, 17.71, -22507),
	(459, 1, 22, 57, 'COTISATION CAFAT RUAMM Tranche 1 ', 127088, 0, 3.85, -4893, 11.3, -14361),
	(460, 1, 22, 58, 'COTISATION CAFAT RUAMM Tranche 2 ', 0, 0, 1.25, 0, 3.75, 0),
	(461, 1, 22, 62, 'Accident du travail ', 127088, 0, 0, 0, 3.6, -4575),
	(462, 1, 22, 64, 'Formation Professionnelle Continue ', 127088, 0, 0, 0, 0.7, -890),
	(463, 1, 22, 65, 'Fond Social de l\'Habitat ', 127088, 0, 0, 0, 2, -2542),
	(464, 1, 22, 66, 'CCS ', 127088, 0, 1, -1271, 0, 0),
	(465, 1, 22, 71, 'C.R.E. Tranche 1 - non cadre ', 127088, 0, 3.1, -3940, 4.65, -5910),
	(466, 1, 22, 72, 'AGFF Tranche 1 ', 127088, 0, 0.8, -1017, 1.2, -1525),
	(467, 1, 22, 75, 'C.R.E. Tranche 2 - non cadre ', 0, 0, 8.1, 0, 12.15, 0),
	(468, 1, 22, 77, 'TOTAL DES RETENUES SUR LE BRUT ', 0, 0, 0, -16891, 0, -52310),
	(469, 1, 22, 78, 'NET IMPOSABLE ', 0, 0, 0, -16891, 0, 0),
	(470, 1, 22, 90, 'NET A PAYER ', 0, 0, 0, 110197, 0, 0),
	(471, 1, 23, 1, 'Salaire de base', 1001.18, 158.5, 0, 158687, 0, 0),
	(472, 1, 23, 11, 'Heures majorées à 25%', 1001.18, 14, 125, 17521, 0, 0),
	(473, 11, 23, 29, 'Repos compensateur payé 20%', 1001.18, 1.6, 20, 320, 0, 0),
	(474, 1, 23, 76, 'ASSIETTE C.E.S.', 0, 0, 0, 176528, 0, 0),
	(475, 1, 23, 39, 'Prime Nuitée', 1500, 12, 0, 18000, 0, 0),
	(476, 1, 23, 43, 'Indemnité de congés payés ', 194528, 0, 10, 19453, 0, 0),
	(477, 1, 23, 50, 'BRUT SOUMIS A COTISATIONS ', 0, 0, 0, 213981, 0, 0),
	(478, 1, 23, 55, 'SALAIRE BRUT ', 0, 0, 0, 213981, 0, 0),
	(479, 1, 23, 56, 'Cotisations CAFAT ', 213981, 0, 4.54, -9715, 17.71, -37896),
	(480, 1, 23, 57, 'COTISATION CAFAT RUAMM Tranche 1 ', 213981, 0, 3.85, -8238, 11.3, -24180),
	(481, 1, 23, 58, 'COTISATION CAFAT RUAMM Tranche 2 ', 0, 0, 1.25, 0, 3.75, 0),
	(482, 1, 23, 62, 'Accident du travail ', 213981, 0, 0, 0, 3.6, -7703),
	(483, 1, 23, 64, 'Formation Professionnelle Continue ', 213981, 0, 0, 0, 0.7, -1498),
	(484, 1, 23, 65, 'Fond Social de l\'Habitat ', 213981, 0, 0, 0, 2, -4280),
	(485, 1, 23, 66, 'CCS ', 213981, 0, 1, -2140, 0, 0),
	(486, 1, 23, 71, 'C.R.E. Tranche 1 - non cadre ', 213981, 0, 3.1, -6633, 4.65, -9950),
	(487, 1, 23, 72, 'AGFF Tranche 1 ', 213981, 0, 0.8, -1712, 1.2, -2568),
	(488, 1, 23, 75, 'C.R.E. Tranche 2 - non cadre ', 0, 0, 8.1, 0, 12.15, 0),
	(489, 1, 23, 77, 'TOTAL DES RETENUES SUR LE BRUT ', 0, 0, 0, -28438, 0, -88075),
	(490, 1, 23, 78, 'NET IMPOSABLE ', 0, 0, 0, 185543, 0, 0),
	(491, 1, 23, 81, 'Opposition 2015/103 ', 12265, 1, 0, -12265, 0, 0),
	(492, 1, 23, 86, 'Saisies-Arrêts Pensio alim', 30046, 1, 0, -30046, 0, 0),
	(493, 1, 23, 90, 'NET A PAYER ', 0, 0, 0, 143232, 0, 0),
	(494, 1, 24, 1, 'Salaire de base', 904.804, 160, 0, 144769, 0, 0),
	(495, 1, 24, 3, 'Heures de nuit à 100%', 904.804, 2, 200, 3619, 0, 0),
	(496, 1, 24, 11, 'Heures majorées à 25%', 904.804, 11, 125, 12441, 0, 0),
	(497, 1, 24, 12, 'Heures majorées à 50 %', 904.804, 3, 150, 4072, 0, 0),
	(498, 11, 24, 29, 'Repos compensateur payé 20%', 904.804, 1.6, 20, 290, 0, 0),
	(499, 1, 24, 76, 'ASSIETTE C.E.S.', 0, 0, 0, 165191, 0, 0),
	(500, 1, 24, 41, 'Prime de salissure ', 1000, 15, 0, 15000, 0, 0),
	(501, 1, 24, 43, 'Indemnité de congés payés ', 180191, 0, 10, 18019, 0, 0),
	(502, 1, 24, 47, 'Prime de panier ', 100, 14, 0, 1400, 0, 0),
	(503, 1, 24, 50, 'BRUT SOUMIS A COTISATIONS ', 0, 0, 0, 199610, 0, 0),
	(504, 1, 24, 52, 'Prime de panier ', 900, 14, 0, 12600, 0, 0),
	(505, 1, 24, 55, 'SALAIRE BRUT ', 0, 0, 0, 212210, 0, 0),
	(506, 1, 24, 56, 'Cotisations CAFAT ', 199610, 0, 4.54, -9062, 17.71, -35351),
	(507, 1, 24, 57, 'COTISATION CAFAT RUAMM Tranche 1 ', 199610, 0, 3.85, -7685, 11.3, -22556),
	(508, 1, 24, 58, 'COTISATION CAFAT RUAMM Tranche 2 ', 0, 0, 1.25, 0, 3.75, 0),
	(509, 1, 24, 62, 'Accident du travail ', 199610, 0, 0, 0, 3.6, -7186),
	(510, 1, 24, 64, 'Formation Professionnelle Continue ', 199610, 0, 0, 0, 0.7, -1397),
	(511, 1, 24, 65, 'Fond Social de l\'Habitat ', 199610, 0, 0, 0, 2, -3992),
	(512, 1, 24, 66, 'CCS ', 199610, 0, 1, -1996, 0, 0),
	(513, 1, 24, 71, 'C.R.E. Tranche 1 - non cadre ', 199610, 0, 3.1, -6188, 4.65, -9282),
	(514, 1, 24, 72, 'AGFF Tranche 1 ', 199610, 0, 0.8, -1597, 1.2, -2395),
	(515, 1, 24, 75, 'C.R.E. Tranche 2 - non cadre ', 0, 0, 8.1, 0, 12.15, 0),
	(516, 1, 24, 77, 'TOTAL DES RETENUES SUR LE BRUT ', 0, 0, 0, -26528, 0, -82159),
	(517, 1, 24, 78, 'NET IMPOSABLE ', 0, 0, 0, 173082, 0, 0),
	(518, 1, 24, 80, 'Trop perçu', 8713, 1, 0, -8713, 0, 0),
	(519, 2, 24, 80, 'Trop perçu', 5961, 1, 0, -5961, 0, 0),
	(520, 1, 24, 81, 'Opposition sur salaire-7646/2015 ', 9437, 1, 0, -9437, 0, 0),
	(521, 1, 24, 83, 'Acompte', 20000, 1, 0, -20000, 0, 0),
	(522, 1, 24, 90, 'NET A PAYER ', 0, 0, 0, 141571, 0, 0),
	(523, 1, 25, 1, 'Salaire de base', 904.804, 162, 0, 146578, 0, 0),
	(524, 1, 25, 11, 'Heures majorées à 25%', 904.804, 12, 125, 13572, 0, 0),
	(525, 11, 25, 29, 'Repos compensateur payé 20%', 904.804, 1.2, 20, 217, 0, 0),
	(526, 1, 25, 76, 'ASSIETTE C.E.S.', 0, 0, 0, 160367, 0, 0),
	(527, 1, 25, 41, 'Prime de salissure ', 1000, 3, 0, 3000, 0, 0),
	(528, 1, 25, 43, 'Indemnité de congés payés ', 163367, 0, 10, 16337, 0, 0),
	(529, 1, 25, 47, 'Prime de panier ', 100, 13, 0, 1300, 0, 0),
	(530, 1, 25, 50, 'BRUT SOUMIS A COTISATIONS ', 0, 0, 0, 181004, 0, 0),
	(531, 1, 25, 52, 'Prime de panier ', 900, 13, 0, 11700, 0, 0),
	(532, 1, 25, 55, 'SALAIRE BRUT ', 0, 0, 0, 192704, 0, 0),
	(533, 1, 25, 56, 'Cotisations CAFAT ', 181004, 0, 4.54, -8218, 17.71, -32056),
	(534, 1, 25, 57, 'COTISATION CAFAT RUAMM Tranche 1 ', 181004, 0, 3.85, -6969, 11.3, -20453),
	(535, 1, 25, 58, 'COTISATION CAFAT RUAMM Tranche 2 ', 0, 0, 1.25, 0, 3.75, 0),
	(536, 1, 25, 62, 'Accident du travail ', 181004, 0, 0, 0, 3.6, -6516),
	(537, 1, 25, 64, 'Formation Professionnelle Continue ', 181004, 0, 0, 0, 0.7, -1267),
	(538, 1, 25, 65, 'Fond Social de l\'Habitat ', 181004, 0, 0, 0, 2, -3620),
	(539, 1, 25, 66, 'CCS ', 181004, 0, 1, -1810, 0, 0),
	(540, 1, 25, 71, 'C.R.E. Tranche 1 - non cadre ', 181004, 0, 3.1, -5611, 4.65, -8417),
	(541, 1, 25, 72, 'AGFF Tranche 1 ', 181004, 0, 0.8, -1448, 1.2, -2172),
	(542, 1, 25, 75, 'C.R.E. Tranche 2 - non cadre ', 0, 0, 8.1, 0, 12.15, 0),
	(543, 1, 25, 77, 'TOTAL DES RETENUES SUR LE BRUT ', 0, 0, 0, -24056, 0, -74501),
	(544, 1, 25, 78, 'NET IMPOSABLE ', 0, 0, 0, 156948, 0, 0),
	(545, 1, 25, 80, 'Trop perçu', 8188, 1, 0, -8188, 0, 0),
	(546, 2, 25, 80, 'Trop perçu', 8151, 1, 0, -8151, 0, 0),
	(547, 1, 25, 90, 'NET A PAYER ', 0, 0, 0, 152309, 0, 0),
	(548, 1, 26, 1, 'Salaire de base', 943.136, 87, 0, 82053, 0, 0),
	(549, 1, 26, 2, 'Jour férié / chômé ', 943.136, 8, 0, 7545, 0, 0),
	(550, 1, 26, 7, 'Heures de nuit à 25%', 943.136, 77, 125, 90777, 0, 0),
	(551, 1, 26, 76, 'ASSIETTE C.E.S.', 0, 0, 0, 180375, 0, 0),
	(552, 1, 26, 43, 'Indemnité de congés payés ', 180376, 0, 10, 18038, 0, 0),
	(553, 1, 26, 50, 'BRUT SOUMIS A COTISATIONS ', 0, 0, 0, 198413, 0, 0),
	(554, 1, 26, 55, 'SALAIRE BRUT ', 0, 0, 0, 198413, 0, 0),
	(555, 1, 26, 56, 'Cotisations CAFAT ', 198413, 0, 4.54, -9008, 17.71, -35139),
	(556, 1, 26, 57, 'COTISATION CAFAT RUAMM Tranche 1 ', 198413, 0, 3.85, -7639, 11.3, -22421),
	(557, 1, 26, 58, 'COTISATION CAFAT RUAMM Tranche 2 ', 0, 0, 1.25, 0, 3.75, 0),
	(558, 1, 26, 62, 'Accident du Travail ', 198413, 0, 0, 0, 2.88, -5714),
	(559, 1, 26, 64, 'Formation Professionnelle Continue ', 198413, 0, 0, 0, 0.7, -1389),
	(560, 1, 26, 65, 'Fond Social de l\'Habitat ', 198413, 0, 0, 0, 2, -3968),
	(561, 1, 26, 66, 'CCS ', 198413, 0, 1, -1984, 0, 0),
	(562, 1, 26, 71, 'C.R.E. Tranche 1 - non cadre ', 198413, 0, 3.1, -6151, 4.65, -9226),
	(563, 1, 26, 72, 'AGFF Tranche 1 ', 198413, 0, 0.8, -1587, 1.2, -2381),
	(564, 1, 26, 75, 'C.R.E. Tranche 2 - non cadre ', 0, 0, 8.1, 0, 12.15, 0),
	(565, 1, 26, 77, 'TOTAL DES RETENUES SUR LE BRUT ', 0, 0, 0, -26369, 0, -80238),
	(566, 1, 26, 78, 'NET IMPOSABLE ', 0, 0, 0, 172044, 0, 0),
	(567, 1, 26, 90, 'NET A PAYER ', 0, 0, 0, 172044, 0, 0),
	(568, 1, 27, 1, 'Salaire de base', 953.254, 172, 0, 163960, 0, 0),
	(569, 1, 27, 11, 'Heures majorées à 25%', 953.254, 1, 125, 1192, 0, 0),
	(570, 1, 27, 76, 'ASSIETTE C.E.S.', 0, 0, 0, 165152, 0, 0),
	(571, 1, 27, 43, 'Indemnité de congés payés ', 165152, 0, 10, 16515, 0, 0),
	(572, 1, 27, 50, 'BRUT SOUMIS A COTISATIONS ', 0, 0, 0, 181667, 0, 0),
	(573, 1, 27, 55, 'SALAIRE BRUT ', 0, 0, 0, 181667, 0, 0),
	(574, 1, 27, 56, 'Cotisations CAFAT ', 181667, 0, 4.54, -8248, 17.71, -32173),
	(575, 1, 27, 57, 'COTISATION CAFAT RUAMM Tranche 1 ', 181667, 0, 3.85, -6994, 11.3, -20528),
	(576, 1, 27, 58, 'COTISATION CAFAT RUAMM Tranche 2 ', 0, 0, 1.25, 0, 3.75, 0),
	(577, 1, 27, 62, 'Accident du travail ', 181667, 0, 0, 0, 3.6, -6540),
	(578, 1, 27, 64, 'Formation Professionnelle Continue ', 181667, 0, 0, 0, 0.7, -1272),
	(579, 1, 27, 65, 'Fond Social de l\'Habitat ', 181667, 0, 0, 0, 2, -3633),
	(580, 1, 27, 66, 'CCS ', 181667, 0, 1, -1817, 0, 0),
	(581, 1, 27, 71, 'C.R.E. Tranche 1 - non cadre ', 181667, 0, 3.1, -5632, 4.65, -8448),
	(582, 1, 27, 72, 'AGFF Tranche 1 ', 181667, 0, 0.8, -1453, 1.2, -2180),
	(583, 1, 27, 75, 'C.R.E. Tranche 2 - non cadre ', 0, 0, 8.1, 0, 12.15, 0),
	(584, 1, 27, 77, 'TOTAL DES RETENUES SUR LE BRUT ', 0, 0, 0, -24144, 0, -74774),
	(585, 1, 27, 78, 'NET IMPOSABLE ', 0, 0, 0, 157523, 0, 0),
	(586, 1, 27, 80, 'Trop perçu', 39, 1, 0, -39, 0, 0),
	(587, 2, 27, 80, 'Trop perçu', 6760, 1, 0, -6760, 0, 0),
	(588, 1, 27, 83, 'Acompte', 25000, 1, 0, -25000, 0, 0),
	(589, 1, 27, 90, 'NET A PAYER ', 0, 0, 0, 125724, 0, 0),
	(590, 1, 28, 1, 'Salaire de base', 904.804, 165, 0, 149293, 0, 0),
	(591, 1, 28, 11, 'Heures majorées à 25%', 904.804, 11, 125, 12441, 0, 0),
	(592, 11, 28, 29, 'Repos compensateur payé 20%', 904.804, 0.8, 20, 145, 0, 0),
	(593, 1, 28, 76, 'ASSIETTE C.E.S.', 0, 0, 0, 161879, 0, 0),
	(594, 1, 28, 32, 'Prime permanence ', 4143, 3, 0, 12429, 0, 0),
	(595, 1, 28, 41, 'Prime de salissure ', 1000, 3, 0, 3000, 0, 0),
	(596, 1, 28, 43, 'Indemnité de congés payés ', 164879, 0, 10, 16488, 0, 0),
	(597, 1, 28, 47, 'Prime de panier ', 100, 19, 0, 1900, 0, 0),
	(598, 1, 28, 50, 'BRUT SOUMIS A COTISATIONS ', 0, 0, 0, 195696, 0, 0),
	(599, 1, 28, 52, 'Prime de panier ', 900, 19, 0, 17100, 0, 0),
	(600, 1, 28, 55, 'SALAIRE BRUT ', 0, 0, 0, 212796, 0, 0),
	(601, 1, 28, 56, 'Cotisations CAFAT ', 195696, 0, 4.54, -8885, 17.71, -34658),
	(602, 1, 28, 57, 'COTISATION CAFAT RUAMM Tranche 1 ', 195696, 0, 3.85, -7534, 11.3, -22114),
	(603, 1, 28, 58, 'COTISATION CAFAT RUAMM Tranche 2 ', 0, 0, 1.25, 0, 3.75, 0),
	(604, 1, 28, 62, 'Accident du travail ', 195696, 0, 0, 0, 3.6, -7045),
	(605, 1, 28, 64, 'Formation Professionnelle Continue ', 195696, 0, 0, 0, 0.7, -1370),
	(606, 1, 28, 65, 'Fond Social de l\'Habitat ', 195696, 0, 0, 0, 2, -3914),
	(607, 1, 28, 66, 'CCS ', 195696, 0, 1, -1957, 0, 0),
	(608, 1, 28, 71, 'C.R.E. Tranche 1 - non cadre ', 195696, 0, 3.1, -6067, 4.65, -9100),
	(609, 1, 28, 72, 'AGFF Tranche 1 ', 195696, 0, 0.8, -1566, 1.2, -2348),
	(610, 1, 28, 75, 'C.R.E. Tranche 2 - non cadre ', 0, 0, 8.1, 0, 12.15, 0),
	(611, 1, 28, 77, 'TOTAL DES RETENUES SUR LE BRUT ', 0, 0, 0, -26009, 0, -80549),
	(612, 1, 28, 78, 'NET IMPOSABLE ', 0, 0, 0, 169687, 0, 0),
	(613, 1, 28, 80, 'Trop perçu', 6921, 1, 0, -6921, 0, 0),
	(614, 2, 28, 80, 'Trop perçu', 7633, 1, 0, -7633, 0, 0),
	(615, 1, 28, 90, 'NET A PAYER ', 0, 0, 0, 172233, 0, 0),
	(616, 1, 29, 1, 'Salaire de base', 1061.597, 165, 0, 175164, 0, 0),
	(617, 1, 29, 11, 'Heures majorées à 25%', 1061.597, 1, 125, 1327, 0, 0),
	(618, 1, 29, 13, 'Heures majorées à 75%', 1061.597, 8, 175, 14862, 0, 0),
	(619, 1, 29, 76, 'ASSIETTE C.E.S.', 0, 0, 0, 191353, 0, 0),
	(620, 1, 29, 43, 'Indemnité de congés payés ', 191352, 0, 10, 19135, 0, 0),
	(621, 1, 29, 50, 'BRUT SOUMIS A COTISATIONS ', 0, 0, 0, 210488, 0, 0),
	(622, 1, 29, 55, 'SALAIRE BRUT ', 0, 0, 0, 210488, 0, 0),
	(623, 1, 29, 56, 'Cotisations CAFAT ', 210488, 0, 4.54, -9556, 17.71, -37277),
	(624, 1, 29, 57, 'COTISATION CAFAT RUAMM Tranche 1 ', 210488, 0, 3.85, -8104, 11.3, -23785),
	(625, 1, 29, 58, 'COTISATION CAFAT RUAMM Tranche 2 ', 0, 0, 1.25, 0, 3.75, 0),
	(626, 1, 29, 62, 'Accident du travail ', 210488, 0, 0, 0, 2.88, -6062),
	(627, 1, 29, 64, 'Formation Professionnelle Continue ', 210488, 0, 0, 0, 0.7, -1473),
	(628, 1, 29, 65, 'Fond Social de l\'Habitat ', 210488, 0, 0, 0, 2, -4210),
	(629, 1, 29, 66, 'CCS ', 210488, 0, 1, -2105, 0, 0),
	(630, 1, 29, 71, 'C.R.E. Tranche 1 - non cadre ', 210488, 0, 3.1, -6525, 4.65, -9788),
	(631, 1, 29, 72, 'AGFF Tranche 1 ', 210488, 0, 0.8, -1684, 1.2, -2526),
	(632, 1, 29, 75, 'C.R.E. Tranche 2 - non cadre ', 0, 0, 8.1, 0, 12.15, 0),
	(633, 1, 29, 77, 'TOTAL DES RETENUES SUR LE BRUT ', 0, 0, 0, -27974, 0, -85121),
	(634, 1, 29, 78, 'NET IMPOSABLE ', 0, 0, 0, 182514, 0, 0),
	(635, 1, 29, 80, 'Trop perçu', 8271, 1, 0, -8271, 0, 0),
	(636, 1, 29, 81, 'Opposition sur salaire-OAAFM62098 ', 2846, 1, 0, -2846, 0, 0),
	(637, 2, 29, 81, 'Opposition sur salaire-OAAFM62099 ', 2846, 1, 0, -2846, 0, 0),
	(638, 3, 29, 81, 'Opposition sur salaire-OAAFM62100 ', 689, 1, 0, -689, 0, 0),
	(639, 1, 29, 83, 'Acompte', 50000, 1, 0, -50000, 0, 0),
	(640, 1, 29, 90, 'NET A PAYER ', 0, 0, 0, 117862, 0, 0),
	(641, 1, 30, 1, 'Salaire de base', 904.804, 164, 0, 148388, 0, 0),
	(642, 1, 30, 13, 'Heures majorées à 75%', 904.804, 8, 175, 12667, 0, 0),
	(643, 1, 30, 76, 'ASSIETTE C.E.S.', 0, 0, 0, 161055, 0, 0),
	(644, 1, 30, 43, 'Indemnité de congés payés ', 161054, 0, 10, 16105, 0, 0),
	(645, 1, 30, 50, 'BRUT SOUMIS A COTISATIONS ', 0, 0, 0, 177160, 0, 0),
	(646, 1, 30, 55, 'SALAIRE BRUT ', 0, 0, 0, 177160, 0, 0),
	(647, 1, 30, 56, 'Cotisations CAFAT ', 177160, 0, 4.54, -8043, 17.71, -31375),
	(648, 1, 30, 57, 'COTISATION CAFAT RUAMM Tranche 1 ', 177160, 0, 3.85, -6821, 11.3, -20019),
	(649, 1, 30, 58, 'COTISATION CAFAT RUAMM Tranche 2 ', 0, 0, 1.25, 0, 3.75, 0),
	(650, 1, 30, 62, 'Accident du travail ', 177160, 0, 0, 0, 2.88, -5102),
	(651, 1, 30, 64, 'Formation Professionnelle Continue ', 177160, 0, 0, 0, 0.7, -1240),
	(652, 1, 30, 65, 'Fond Social de l\'Habitat ', 177160, 0, 0, 0, 2, -3543),
	(653, 1, 30, 66, 'CCS ', 177160, 0, 1, -1772, 0, 0),
	(654, 1, 30, 71, 'C.R.E. Tranche 1 - non cadre ', 177160, 0, 3.1, -5492, 4.65, -8238),
	(655, 1, 30, 72, 'AGFF Tranche 1 ', 177160, 0, 0.8, -1417, 1.2, -2126),
	(656, 1, 30, 75, 'C.R.E. Tranche 2 - non cadre ', 0, 0, 8.1, 0, 12.15, 0),
	(657, 1, 30, 77, 'TOTAL DES RETENUES SUR LE BRUT ', 0, 0, 0, -23545, 0, -71643),
	(658, 1, 30, 78, 'NET IMPOSABLE ', 0, 0, 0, 153615, 0, 0),
	(659, 1, 30, 80, 'Trop perçu', 4970, 1, 0, -4970, 0, 0),
	(660, 1, 30, 81, 'Opposition sur salaire-13587/2015 ', 6145, 1, 0, -6145, 0, 0),
	(661, 1, 30, 83, 'Acompte', 35000, 1, 0, -35000, 0, 0),
	(662, 1, 30, 90, 'NET A PAYER ', 0, 0, 0, 107500, 0, 0),
	(663, 1, 31, 1, 'Salaire de base', 943.136, 165, 0, 155617, 0, 0),
	(664, 1, 31, 11, 'Heures majorées à 25%', 943.136, 1, 125, 1179, 0, 0),
	(665, 1, 31, 13, 'Heures majorées à 75%', 943.136, 8, 175, 13204, 0, 0),
	(666, 1, 31, 76, 'ASSIETTE C.E.S.', 0, 0, 0, 170000, 0, 0),
	(667, 1, 31, 43, 'Indemnité de congés payés ', 169999, 0, 10, 17000, 0, 0),
	(668, 1, 31, 50, 'BRUT SOUMIS A COTISATIONS ', 0, 0, 0, 187000, 0, 0),
	(669, 1, 31, 55, 'SALAIRE BRUT ', 0, 0, 0, 187000, 0, 0),
	(670, 1, 31, 56, 'Cotisations CAFAT ', 187000, 0, 4.54, -8490, 17.71, -33118),
	(671, 1, 31, 57, 'COTISATION CAFAT RUAMM Tranche 1 ', 187000, 0, 3.85, -7199, 11.3, -21131),
	(672, 1, 31, 58, 'COTISATION CAFAT RUAMM Tranche 2 ', 0, 0, 1.25, 0, 3.75, 0),
	(673, 1, 31, 62, 'Accident du travail ', 187000, 0, 0, 0, 2.88, -5386),
	(674, 1, 31, 64, 'Formation Professionnelle Continue ', 187000, 0, 0, 0, 0.7, -1309),
	(675, 1, 31, 65, 'Fond Social de l\'Habitat ', 187000, 0, 0, 0, 2, -3740),
	(676, 1, 31, 66, 'CCS ', 187000, 0, 1, -1870, 0, 0),
	(677, 1, 31, 71, 'C.R.E. Tranche 1 - non cadre ', 187000, 0, 3.1, -5797, 4.65, -8696),
	(678, 1, 31, 72, 'AGFF Tranche 1 ', 187000, 0, 0.8, -1496, 1.2, -2244),
	(679, 1, 31, 75, 'C.R.E. Tranche 2 - non cadre ', 0, 0, 8.1, 0, 12.15, 0),
	(680, 1, 31, 77, 'TOTAL DES RETENUES SUR LE BRUT ', 0, 0, 0, -24852, 0, -75624),
	(681, 1, 31, 78, 'NET IMPOSABLE ', 0, 0, 0, 162148, 0, 0),
	(682, 1, 31, 80, 'Trop perçu', 7783, 1, 0, -7783, 0, 0),
	(683, 1, 31, 90, 'NET A PAYER ', 0, 0, 0, 154365, 0, 0),
	(684, 1, 32, 1, 'Salaire de base', 943.136, 169, 0, 159390, 0, 0),
	(685, 1, 32, 11, 'Heures majorées à 25%', 943.136, 7, 125, 8252, 0, 0),
	(686, 1, 32, 13, 'Heures majorées à 75%', 943.136, 8, 175, 13204, 0, 0),
	(687, 11, 32, 29, 'Repos compensateur payé 20%', 943.136, 0.8, 20, 151, 0, 0),
	(688, 1, 32, 76, 'ASSIETTE C.E.S.', 0, 0, 0, 180997, 0, 0),
	(689, 1, 32, 43, 'Indemnité de congés payés ', 180997, 0, 10, 18100, 0, 0),
	(690, 1, 32, 50, 'BRUT SOUMIS A COTISATIONS ', 0, 0, 0, 199097, 0, 0),
	(691, 1, 32, 55, 'SALAIRE BRUT ', 0, 0, 0, 199097, 0, 0),
	(692, 1, 32, 56, 'Cotisations CAFAT ', 199097, 0, 4.54, -9039, 17.71, -35260),
	(693, 1, 32, 57, 'COTISATION CAFAT RUAMM Tranche 1 ', 199097, 0, 3.85, -7665, 11.3, -22498),
	(694, 1, 32, 58, 'COTISATION CAFAT RUAMM Tranche 2 ', 0, 0, 1.25, 0, 3.75, 0),
	(695, 1, 32, 62, 'Accident du travail ', 199097, 0, 0, 0, 2.88, -5734),
	(696, 1, 32, 64, 'Formation Professionnelle Continue ', 199097, 0, 0, 0, 0.7, -1394),
	(697, 1, 32, 65, 'Fond Social de l\'Habitat ', 199097, 0, 0, 0, 2, -3982),
	(698, 1, 32, 66, 'CCS ', 199097, 0, 1, -1991, 0, 0),
	(699, 1, 32, 71, 'C.R.E. Tranche 1 - non cadre ', 199097, 0, 3.1, -6172, 4.65, -9258),
	(700, 1, 32, 72, 'AGFF Tranche 1 ', 199097, 0, 0.8, -1593, 1.2, -2389),
	(701, 1, 32, 75, 'C.R.E. Tranche 2 - non cadre ', 0, 0, 8.1, 0, 12.15, 0),
	(702, 1, 32, 77, 'TOTAL DES RETENUES SUR LE BRUT ', 0, 0, 0, -26460, 0, -80515),
	(703, 1, 32, 78, 'NET IMPOSABLE ', 0, 0, 0, 172637, 0, 0),
	(704, 1, 32, 80, 'Trop perçu', 7724, 1, 0, -7724, 0, 0),
	(705, 1, 32, 90, 'NET A PAYER ', 0, 0, 0, 164913, 0, 0),
	(706, 1, 33, 1, 'Salaire de base', 943.136, 164, 0, 154674, 0, 0),
	(707, 1, 33, 11, 'Heures majorées à 25%', 943.136, 2, 125, 2358, 0, 0),
	(708, 1, 33, 13, 'Heures majorées à 75%', 943.136, 8, 175, 13204, 0, 0),
	(709, 1, 33, 76, 'ASSIETTE C.E.S.', 0, 0, 0, 170236, 0, 0),
	(710, 1, 33, 43, 'Indemnité de congés payés ', 170235, 0, 10, 17024, 0, 0),
	(711, 1, 33, 50, 'BRUT SOUMIS A COTISATIONS ', 0, 0, 0, 187260, 0, 0),
	(712, 1, 33, 55, 'SALAIRE BRUT ', 0, 0, 0, 187260, 0, 0),
	(713, 1, 33, 56, 'Cotisations CAFAT ', 187260, 0, 4.54, -8502, 17.71, -33164),
	(714, 1, 33, 57, 'COTISATION CAFAT RUAMM Tranche 1 ', 187260, 0, 3.85, -7210, 11.3, -21160),
	(715, 1, 33, 58, 'COTISATION CAFAT RUAMM Tranche 2 ', 0, 0, 1.25, 0, 3.75, 0),
	(716, 1, 33, 62, 'Accident du travail ', 187260, 0, 0, 0, 2.88, -5393),
	(717, 1, 33, 64, 'Formation Professionnelle Continue ', 187260, 0, 0, 0, 0.7, -1311),
	(718, 1, 33, 65, 'Fond Social de l\'Habitat ', 187260, 0, 0, 0, 2, -3745),
	(719, 1, 33, 66, 'CCS ', 187260, 0, 1, -1873, 0, 0),
	(720, 1, 33, 71, 'C.R.E. Tranche 1 - non cadre ', 187260, 0, 3.1, -5805, 4.65, -8708),
	(721, 1, 33, 72, 'AGFF Tranche 1 ', 187260, 0, 0.8, -1498, 1.2, -2247),
	(722, 1, 33, 75, 'C.R.E. Tranche 2 - non cadre ', 0, 0, 8.1, 0, 12.15, 0),
	(723, 1, 33, 77, 'TOTAL DES RETENUES SUR LE BRUT ', 0, 0, 0, -24888, 0, -75728),
	(724, 1, 33, 78, 'NET IMPOSABLE ', 0, 0, 0, 162372, 0, 0),
	(725, 1, 33, 80, 'Trop perçu', 3466, 1, 0, -3466, 0, 0),
	(726, 2, 33, 80, 'Trop perçu', 5511, 1, 0, -5511, 0, 0),
	(727, 1, 33, 90, 'NET A PAYER ', 0, 0, 0, 153395, 0, 0),
	(728, 11, 34, 29, 'Repos compensateur payé 20%', 904.804, 0.8, 20, 145, 0, 0),
	(729, 1, 34, 76, 'ASSIETTE C.E.S.', 0, 0, 0, 156450, 0, 0),
	(730, 1, 34, 39, 'Prime Nuitée', 1500, 12, 0, 18000, 0, 0),
	(731, 1, 34, 40, 'Prime d\'astreinte', 6000, 1, 0, 6000, 0, 0),
	(732, 1, 34, 43, 'Indemnité de congés payés ', 156450, 0, 10, 15645, 0, 0),
	(733, 1, 34, 50, 'BRUT SOUMIS A COTISATIONS ', 0, 0, 0, 196095, 0, 0),
	(734, 1, 34, 55, 'SALAIRE BRUT ', 0, 0, 0, 196095, 0, 0),
	(735, 1, 34, 56, 'Cotisations CAFAT ', 196095, 0, 4.54, -8903, 17.71, -34728),
	(736, 1, 34, 57, 'COTISATION CAFAT RUAMM Tranche 1 ', 196095, 0, 3.85, -7550, 11.3, -22159),
	(737, 1, 34, 58, 'COTISATION CAFAT RUAMM Tranche 2 ', 0, 0, 1.25, 0, 3.75, 0),
	(738, 1, 34, 62, 'Accident du travail ', 196095, 0, 0, 0, 3.6, -7059),
	(739, 1, 34, 64, 'Formation Professionnelle Continue ', 196095, 0, 0, 0, 0.7, -1373),
	(740, 1, 34, 65, 'Fond Social de l\'Habitat ', 196095, 0, 0, 0, 2, -3922),
	(741, 1, 34, 66, 'CCS ', 196095, 0, 1, -1961, 0, 0),
	(742, 1, 34, 71, 'C.R.E. Tranche 1 - non cadre ', 196095, 0, 3.1, -6079, 4.65, -9118),
	(743, 1, 34, 72, 'AGFF Tranche 1 ', 196095, 0, 0.8, -1569, 1.2, -2353),
	(744, 1, 34, 75, 'C.R.E. Tranche 2 - non cadre ', 0, 0, 8.1, 0, 12.15, 0),
	(745, 1, 34, 77, 'TOTAL DES RETENUES SUR LE BRUT ', 0, 0, 0, -26062, 0, -80712),
	(746, 1, 34, 78, 'NET IMPOSABLE ', 0, 0, 0, 170033, 0, 0),
	(747, 1, 34, 83, 'Acompte', 40000, 1, 0, -40000, 0, 0),
	(748, 1, 34, 90, 'NET A PAYER ', 0, 0, 0, 130033, 0, 0),
	(749, 1, 34, 1, 'Salaire de base', 904.804, 164, 0, 148388, 0, 0),
	(750, 1, 34, 11, 'Heures majorées à 25%', 904.804, 7, 125, 7917, 0, 0),
	(751, 1, 35, 76, 'ASSIETTE C.E.S.', 0, 0, 0, 155626, 0, 0),
	(752, 1, 35, 43, 'Indemnité de congés payés ', 155625, 0, 10, 15563, 0, 0),
	(753, 1, 35, 50, 'BRUT SOUMIS A COTISATIONS ', 0, 0, 0, 171189, 0, 0),
	(754, 1, 35, 55, 'SALAIRE BRUT ', 0, 0, 0, 171189, 0, 0),
	(755, 1, 35, 56, 'Cotisations CAFAT ', 171189, 0, 4.54, -7772, 17.71, -30318),
	(756, 1, 35, 57, 'COTISATION CAFAT RUAMM Tranche 1 ', 171189, 0, 3.85, -6591, 11.3, -19344),
	(757, 1, 35, 58, 'COTISATION CAFAT RUAMM Tranche 2 ', 0, 0, 1.25, 0, 3.75, 0),
	(758, 1, 35, 62, 'Accident du Travail ', 171189, 0, 0, 0, 2.88, -4930),
	(759, 1, 35, 64, 'Formation Professionnelle Continue ', 171189, 0, 0, 0, 0.7, -1198),
	(760, 1, 35, 65, 'Fond Social de l\'Habitat ', 171189, 0, 0, 0, 2, -3424),
	(761, 1, 35, 66, 'CCS ', 171189, 0, 1, -1712, 0, 0),
	(762, 1, 35, 71, 'C.R.E. Tranche 1 - non cadre ', 171189, 0, 3.1, -5307, 4.65, -7960),
	(763, 1, 35, 72, 'AGFF Tranche 1 ', 171189, 0, 0.8, -1370, 1.2, -2054),
	(764, 1, 35, 75, 'C.R.E. Tranche 2 - non cadre ', 0, 0, 8.1, 0, 12.15, 0),
	(765, 1, 35, 77, 'TOTAL DES RETENUES SUR LE BRUT ', 0, 0, 0, -22752, 0, -69228),
	(766, 1, 35, 78, 'NET IMPOSABLE ', 0, 0, 0, 148437, 0, 0),
	(767, 1, 35, 90, 'NET A PAYER ', 0, 0, 0, 148437, 0, 0),
	(768, 1, 35, 1, 'Salaire de base', 904.804, 167, 0, 151102, 0, 0),
	(769, 1, 35, 7, 'Heures de nuit à 25%', 904.804, 4, 125, 4524, 0, 0),
	(770, 1, 36, 76, 'ASSIETTE C.E.S.', 0, 0, 0, 180610, 0, 0),
	(771, 1, 36, 43, 'Indemnité de congés payés ', 180611, 0, 10, 18061, 0, 0),
	(772, 1, 36, 50, 'BRUT SOUMIS A COTISATIONS ', 0, 0, 0, 198671, 0, 0),
	(773, 1, 36, 55, 'SALAIRE BRUT ', 0, 0, 0, 198671, 0, 0),
	(774, 1, 36, 56, 'Cotisations CAFAT ', 198671, 0, 4.54, -9020, 17.71, -35185),
	(775, 1, 36, 57, 'COTISATION CAFAT RUAMM Tranche 1 ', 198671, 0, 3.85, -7649, 11.3, -22450),
	(776, 1, 36, 58, 'COTISATION CAFAT RUAMM Tranche 2 ', 0, 0, 1.25, 0, 3.75, 0),
	(777, 1, 36, 62, 'Accident du Travail ', 198671, 0, 0, 0, 2.88, -5722),
	(778, 1, 36, 64, 'Formation Professionnelle Continue ', 198671, 0, 0, 0, 0.7, -1391),
	(779, 1, 36, 65, 'Fond Social de l\'Habitat ', 198671, 0, 0, 0, 2, -3973),
	(780, 1, 36, 66, 'CCS ', 198671, 0, 1, -1987, 0, 0),
	(781, 1, 36, 71, 'C.R.E. Tranche 1 - non cadre ', 198671, 0, 3.1, -6159, 4.65, -9238),
	(782, 1, 36, 72, 'AGFF Tranche 1 ', 198671, 0, 0.8, -1589, 1.2, -2384),
	(783, 1, 36, 75, 'C.R.E. Tranche 2 - non cadre ', 0, 0, 8.1, 0, 12.15, 0),
	(784, 1, 36, 77, 'TOTAL DES RETENUES SUR LE BRUT ', 0, 0, 0, -26404, 0, -80343),
	(785, 1, 36, 78, 'NET IMPOSABLE ', 0, 0, 0, 172267, 0, 0),
	(786, 1, 36, 90, 'NET A PAYER ', 0, 0, 0, 172267, 0, 0),
	(787, 1, 36, 1, 'Salaire de base', 943.136, 89, 0, 83939, 0, 0),
	(788, 1, 36, 7, 'Heures de nuit à 25%', 943.136, 82, 125, 96671, 0, 0),
	(789, 1, 37, 76, 'ASSIETTE C.E.S.', 0, 0, 0, 166936, 0, 0),
	(790, 1, 37, 43, 'Indemnité de congés payés ', 166935, 0, 10, 16694, 0, 0),
	(791, 1, 37, 50, 'BRUT SOUMIS A COTISATIONS ', 0, 0, 0, 183630, 0, 0),
	(792, 1, 37, 55, 'SALAIRE BRUT ', 0, 0, 0, 183630, 0, 0),
	(793, 1, 37, 56, 'Cotisations CAFAT ', 183630, 0, 4.54, -8337, 17.71, -32521),
	(794, 1, 37, 57, 'COTISATION CAFAT RUAMM Tranche 1 ', 183630, 0, 3.85, -7070, 11.3, -20750),
	(795, 1, 37, 58, 'COTISATION CAFAT RUAMM Tranche 2 ', 0, 0, 1.25, 0, 3.75, 0),
	(796, 1, 37, 62, 'Accident du Travail ', 183630, 0, 0, 0, 2.88, -5289),
	(797, 1, 37, 64, 'Formation Professionnelle Continue ', 183630, 0, 0, 0, 0.7, -1285),
	(798, 1, 37, 65, 'Fond Social de l\'Habitat ', 183630, 0, 0, 0, 2, -3673),
	(799, 1, 37, 66, 'CCS ', 183630, 0, 1, -1836, 0, 0),
	(800, 1, 37, 71, 'C.R.E. Tranche 1 - non cadre ', 183630, 0, 3.1, -5693, 4.65, -8539),
	(801, 1, 37, 72, 'AGFF Tranche 1 ', 183630, 0, 0.8, -1469, 1.2, -2204),
	(802, 1, 37, 75, 'C.R.E. Tranche 2 - non cadre ', 0, 0, 8.1, 0, 12.15, 0),
	(803, 1, 37, 77, 'TOTAL DES RETENUES SUR LE BRUT ', 0, 0, 0, -24405, 0, -74261),
	(804, 1, 37, 78, 'NET IMPOSABLE ', 0, 0, 0, 159225, 0, 0),
	(805, 1, 37, 90, 'NET A PAYER ', 0, 0, 0, 159225, 0, 0),
	(806, 1, 37, 1, 'Salaire de base', 904.804, 117, 0, 105862, 0, 0),
	(807, 1, 37, 7, 'Heures de nuit à 25%', 904.804, 54, 125, 61074, 0, 0),
	(808, 1, 38, 76, 'ASSIETTE C.E.S.', 0, 0, 0, 196701, 0, 0),
	(809, 1, 38, 43, 'Indemnité de congés payés ', 196702, 0, 10, 19670, 0, 0),
	(810, 1, 38, 50, 'BRUT SOUMIS A COTISATIONS ', 0, 0, 0, 216371, 0, 0),
	(811, 1, 38, 55, 'SALAIRE BRUT ', 0, 0, 0, 216371, 0, 0),
	(812, 1, 38, 56, 'Cotisations CAFAT ', 216371, 0, 4.54, -9823, 17.71, -38319),
	(813, 1, 38, 57, 'COTISATION CAFAT RUAMM Tranche 1 ', 216371, 0, 3.85, -8330, 11.3, -24450),
	(814, 1, 38, 58, 'COTISATION CAFAT RUAMM Tranche 2 ', 0, 0, 1.25, 0, 3.75, 0),
	(815, 1, 38, 62, 'Accident du travail ', 216371, 0, 0, 0, 3.6, -7789),
	(816, 1, 38, 64, 'Formation Professionnelle Continue ', 216371, 0, 0, 0, 0.7, -1515),
	(817, 1, 38, 65, 'Fond Social de l\'Habitat ', 216371, 0, 0, 0, 2, -4327),
	(818, 1, 38, 66, 'CCS ', 216371, 0, 1, -2164, 0, 0),
	(819, 1, 38, 71, 'C.R.E. Tranche 1 - non cadre ', 216371, 0, 3.1, -6708, 4.65, -10061),
	(820, 1, 38, 72, 'AGFF Tranche 1 ', 216371, 0, 0.8, -1731, 1.2, -2596),
	(821, 1, 38, 75, 'C.R.E. Tranche 2 - non cadre ', 0, 0, 8.1, 0, 12.15, 0),
	(822, 1, 38, 77, 'TOTAL DES RETENUES SUR LE BRUT ', 0, 0, 0, -28756, 0, -89057),
	(823, 1, 38, 78, 'NET IMPOSABLE ', 0, 0, 0, 187615, 0, 0),
	(824, 1, 38, 83, 'Acompte', 40000, 1, 0, -40000, 0, 0),
	(825, 1, 38, 90, 'NET A PAYER ', 0, 0, 0, 147615, 0, 0),
	(826, 1, 38, 1, 'Salaire de base', 1150.296, 171, 0, 196701, 0, 0),
	(827, 1, 39, 1, 'Salaire de base', 904.804, 147.5, 0, 133459, 0, 0),
	(828, 1, 39, 2, 'Jour férié / chômé ', 904.804, 8, 0, 7238, 0, 0),
	(829, 1, 39, 3, 'Heures de nuit à 100%', 904.804, 7, 200, 12667, 0, 0),
	(830, 1, 39, 11, 'Heures majorées à 25%', 904.804, 8.5, 125, 9614, 0, 0),
	(831, 11, 39, 29, 'Repos compensateur payé 20%', 904.804, 1.3, 20, 235, 0, 0),
	(832, 1, 39, 76, 'ASSIETTE C.E.S.', 0, 0, 0, 163213, 0, 0),
	(833, 1, 39, 41, 'Prime de salissure ', 1000, 19, 0, 19000, 0, 0),
	(834, 1, 39, 43, 'Indemnité de congés payés ', 163212, 0, 10, 16321, 0, 0),
	(835, 1, 39, 47, 'Prime de panier ', 100, 16, 0, 1600, 0, 0),
	(836, 1, 39, 50, 'BRUT SOUMIS A COTISATIONS ', 0, 0, 0, 200134, 0, 0),
	(837, 1, 39, 52, 'Prime de panier ', 900, 16, 0, 14400, 0, 0),
	(838, 1, 39, 55, 'SALAIRE BRUT ', 0, 0, 0, 214534, 0, 0),
	(839, 1, 39, 56, 'Cotisations CAFAT ', 200134, 0, 4.54, -9086, 17.71, -35444),
	(840, 1, 39, 57, 'COTISATION CAFAT RUAMM Tranche 1 ', 200134, 0, 3.85, -7705, 11.3, -22615),
	(841, 1, 39, 58, 'COTISATION CAFAT RUAMM Tranche 2 ', 0, 0, 1.25, 0, 3.75, 0),
	(842, 1, 39, 62, 'Accident du travail ', 200134, 0, 0, 0, 3.6, -7205),
	(843, 1, 39, 64, 'Formation Professionnelle Continue ', 200134, 0, 0, 0, 0.7, -1401),
	(844, 1, 39, 65, 'Fond Social de l\'Habitat ', 200134, 0, 0, 0, 2, -4003),
	(845, 1, 39, 66, 'CCS ', 200134, 0, 1, -2001, 0, 0),
	(846, 1, 39, 71, 'C.R.E. Tranche 1 - non cadre ', 200134, 0, 3.1, -6204, 4.65, -9306),
	(847, 1, 39, 72, 'AGFF Tranche 1 ', 200134, 0, 0.8, -1601, 1.2, -2402),
	(848, 1, 39, 75, 'C.R.E. Tranche 2 - non cadre ', 0, 0, 8.1, 0, 12.15, 0),
	(849, 1, 39, 77, 'TOTAL DES RETENUES SUR LE BRUT ', 0, 0, 0, -26597, 0, -82376),
	(850, 1, 39, 78, 'NET IMPOSABLE ', 0, 0, 0, 173537, 0, 0),
	(851, 1, 39, 83, 'Acompte', 20000, 1, 0, -20000, 0, 0),
	(852, 1, 39, 90, 'NET A PAYER ', 0, 0, 0, 167937, 0, 0),
	(853, 1, 40, 1, 'Salaire de base', 928.994, 159, 0, 147710, 0, 0),
	(854, 1, 40, 2, 'Jour férié / chômé ', 928.994, 8, 0, 7432, 0, 0),
	(855, 1, 40, 11, 'Heures majorées à 25%', 928.994, 10, 125, 11612, 0, 0),
	(856, 11, 40, 29, 'Repos compensateur payé 20%', 928.994, 0.8, 20, 149, 0, 0),
	(857, 1, 40, 76, 'ASSIETTE C.E.S.', 0, 0, 0, 166903, 0, 0),
	(858, 1, 40, 43, 'Indemnité de congés payés ', 166903, 0, 10, 16690, 0, 0),
	(859, 1, 40, 50, 'BRUT SOUMIS A COTISATIONS ', 0, 0, 0, 183593, 0, 0),
	(860, 1, 40, 55, 'SALAIRE BRUT ', 0, 0, 0, 183593, 0, 0),
	(861, 1, 40, 56, 'Cotisations CAFAT ', 183593, 0, 4.54, -8335, 17.71, -32514),
	(862, 1, 40, 57, 'COTISATION CAFAT RUAMM Tranche 1 ', 183593, 0, 3.85, -7068, 11.3, -20746),
	(863, 1, 40, 58, 'COTISATION CAFAT RUAMM Tranche 2 ', 0, 0, 1.25, 0, 3.75, 0),
	(864, 1, 40, 62, 'Accident du travail ', 183593, 0, 0, 0, 2.88, -5287),
	(865, 1, 40, 64, 'Formation Professionnelle Continue ', 183593, 0, 0, 0, 0.7, -1285),
	(866, 1, 40, 65, 'Fond Social de l\'Habitat ', 183593, 0, 0, 0, 2, -3672),
	(867, 1, 40, 66, 'CCS ', 183593, 0, 1, -1836, 0, 0),
	(868, 1, 40, 71, 'C.R.E. Tranche 1 - non cadre ', 183593, 0, 3.1, -5691, 4.65, -8537),
	(869, 1, 40, 72, 'AGFF Tranche 1 ', 183593, 0, 0.8, -1469, 1.2, -2203),
	(870, 1, 40, 75, 'C.R.E. Tranche 2 - non cadre ', 0, 0, 8.1, 0, 12.15, 0),
	(871, 1, 40, 77, 'TOTAL DES RETENUES SUR LE BRUT ', 0, 0, 0, -24399, 0, -74244),
	(872, 1, 40, 78, 'NET IMPOSABLE ', 0, 0, 0, 159194, 0, 0),
	(873, 1, 40, 90, 'NET A PAYER ', 0, 0, 0, 159194, 0, 0),
	(874, 1, 41, 1, 'Salaire de base', 928.994, 159, 0, 147710, 0, 0),
	(875, 1, 41, 2, 'Jour férié / chômé ', 928.994, 8, 0, 7432, 0, 0),
	(876, 1, 41, 11, 'Heures majorées à 25%', 928.994, 9, 125, 10451, 0, 0),
	(877, 11, 41, 29, 'Repos compensateur payé 20%', 928.994, 0.6, 20, 111, 0, 0),
	(878, 1, 41, 76, 'ASSIETTE C.E.S.', 0, 0, 0, 165704, 0, 0),
	(879, 1, 41, 43, 'Indemnité de congés payés ', 165705, 0, 10, 16571, 0, 0),
	(880, 1, 41, 50, 'BRUT SOUMIS A COTISATIONS ', 0, 0, 0, 182275, 0, 0),
	(881, 1, 41, 55, 'SALAIRE BRUT ', 0, 0, 0, 182275, 0, 0),
	(882, 1, 41, 56, 'Cotisations CAFAT ', 182275, 0, 4.54, -8275, 17.71, -32281),
	(883, 1, 41, 57, 'COTISATION CAFAT RUAMM Tranche 1 ', 182275, 0, 3.85, -7018, 11.3, -20597),
	(884, 1, 41, 58, 'COTISATION CAFAT RUAMM Tranche 2 ', 0, 0, 1.25, 0, 3.75, 0),
	(885, 1, 41, 62, 'Accident du travail ', 182275, 0, 0, 0, 2.88, -5250),
	(886, 1, 41, 64, 'Formation Professionnelle Continue ', 182275, 0, 0, 0, 0.7, -1276),
	(887, 1, 41, 65, 'Fond Social de l\'Habitat ', 182275, 0, 0, 0, 2, -3646),
	(888, 1, 41, 66, 'CCS ', 182275, 0, 1, -1823, 0, 0),
	(889, 1, 41, 71, 'C.R.E. Tranche 1 - non cadre ', 182275, 0, 3.1, -5651, 4.65, -8476),
	(890, 1, 41, 72, 'AGFF Tranche 1 ', 182275, 0, 0.8, -1458, 1.2, -2187),
	(891, 1, 41, 75, 'C.R.E. Tranche 2 - non cadre ', 0, 0, 8.1, 0, 12.15, 0),
	(892, 1, 41, 77, 'TOTAL DES RETENUES SUR LE BRUT ', 0, 0, 0, -24225, 0, -73713),
	(893, 1, 41, 78, 'NET IMPOSABLE ', 0, 0, 0, 158050, 0, 0),
	(894, 1, 41, 90, 'NET A PAYER ', 0, 0, 0, 158050, 0, 0),
	(895, 1, 42, 1, 'Salaire de base', 1001.183, 151.5, 0, 151679, 0, 0),
	(896, 1, 42, 4, 'Heures de nuit à 15%', 1001.183, 8, 115, 9211, 0, 0),
	(897, 1, 42, 11, 'Heures majorées à 25%', 1001.183, 21, 125, 26281, 0, 0),
	(898, 1, 42, 13, 'Heures majorées à 75%', 1001.183, 11.5, 175, 20149, 0, 0),
	(899, 11, 42, 29, 'Repos compensateur payé 20%', 1001.183, 4.8, 20, 961, 0, 0),
	(900, 1, 42, 76, 'ASSIETTE C.E.S.', 0, 0, 0, 208281, 0, 0),
	(901, 1, 42, 39, 'Prime Nuitée', 1500, 14, 0, 21000, 0, 0),
	(902, 1, 42, 40, 'Prime d\'astreinte', 6000, 2, 0, 12000, 0, 0),
	(903, 1, 42, 43, 'Indemnité de congés payés ', 208280, 0, 10, 20828, 0, 0),
	(904, 1, 42, 50, 'BRUT SOUMIS A COTISATIONS ', 0, 0, 0, 262109, 0, 0),
	(905, 1, 42, 55, 'SALAIRE BRUT ', 0, 0, 0, 262109, 0, 0),
	(906, 1, 42, 56, 'Cotisations CAFAT ', 262109, 0, 4.54, -11900, 17.71, -46420),
	(907, 1, 42, 57, 'COTISATION CAFAT RUAMM Tranche 1 ', 262109, 0, 3.85, -10091, 11.3, -29618),
	(908, 1, 42, 58, 'COTISATION CAFAT RUAMM Tranche 2 ', 0, 0, 1.25, 0, 3.75, 0),
	(909, 1, 42, 62, 'Accident du travail ', 262109, 0, 0, 0, 3.6, -9436),
	(910, 1, 42, 64, 'Formation Professionnelle Continue ', 262109, 0, 0, 0, 0.7, -1835),
	(911, 1, 42, 65, 'Fond Social de l\'Habitat ', 262109, 0, 0, 0, 2, -5242),
	(912, 1, 42, 66, 'CCS ', 262109, 0, 1, -2621, 0, 0),
	(913, 1, 42, 71, 'C.R.E. Tranche 1 - non cadre ', 262109, 0, 3.1, -8125, 4.65, -12188),
	(914, 1, 42, 72, 'AGFF Tranche 1 ', 262109, 0, 0.8, -2097, 1.2, -3145),
	(915, 1, 42, 75, 'C.R.E. Tranche 2 - non cadre ', 0, 0, 8.1, 0, 12.15, 0),
	(916, 1, 42, 77, 'TOTAL DES RETENUES SUR LE BRUT ', 0, 0, 0, -34834, 0, -107884),
	(917, 1, 42, 78, 'NET IMPOSABLE ', 0, 0, 0, 227275, 0, 0),
	(918, 1, 42, 83, 'Acompte', 10000, 1, 0, -10000, 0, 0),
	(919, 1, 42, 90, 'NET A PAYER ', 0, 0, 0, 217275, 0, 0),
	(920, 1, 43, 62, 'Accident du travail ', 209190, 0, 0, 0, 3.6, -7531),
	(921, 1, 43, 64, 'Formation Professionnelle Continue ', 209190, 0, 0, 0, 0.7, -1464),
	(922, 1, 43, 65, 'Fond Social de l\'Habitat ', 209190, 0, 0, 0, 2, -4184),
	(923, 1, 43, 66, 'CCS ', 209190, 0, 1, -2092, 0, 0),
	(924, 1, 43, 71, 'C.R.E. Tranche 1 - non cadre ', 209190, 0, 3.1, -6485, 4.65, -9727),
	(925, 1, 43, 72, 'AGFF Tranche 1 ', 209190, 0, 0.8, -1674, 1.2, -2510),
	(926, 1, 43, 75, 'C.R.E. Tranche 2 - non cadre ', 0, 0, 8.1, 0, 12.15, 0),
	(927, 1, 43, 77, 'TOTAL DES RETENUES SUR LE BRUT ', 0, 0, 0, -27802, 0, -86102),
	(928, 1, 43, 78, 'NET IMPOSABLE ', 0, 0, 0, 181388, 0, 0),
	(929, 1, 43, 83, 'Acompte', 50000, 1, 0, -50000, 0, 0),
	(930, 1, 43, 90, 'NET A PAYER ', 0, 0, 0, 142188, 0, 0),
	(931, 1, 43, 1, 'Salaire de base', 904.804, 174, 0, 157436, 0, 0),
	(932, 1, 43, 2, 'Jour férié / chômé ', 904.804, 7, 0, 6334, 0, 0),
	(933, 1, 43, 11, 'Heures majorées à 25%', 904.804, 5.5, 125, 6221, 0, 0),
	(934, 1, 43, 76, 'ASSIETTE C.E.S.', 0, 0, 0, 169991, 0, 0),
	(935, 1, 43, 41, 'Prime de salissure ', 1000, 21, 0, 21000, 0, 0),
	(936, 1, 43, 43, 'Indemnité de congés payés ', 169990, 0, 10, 16999, 0, 0),
	(937, 1, 43, 47, 'Prime de panier ', 100, 12, 0, 1200, 0, 0),
	(938, 1, 43, 50, 'BRUT SOUMIS A COTISATIONS ', 0, 0, 0, 209190, 0, 0),
	(939, 1, 43, 52, 'Prime de panier ', 900, 12, 0, 10800, 0, 0),
	(940, 1, 43, 55, 'SALAIRE BRUT ', 0, 0, 0, 219990, 0, 0),
	(941, 1, 43, 56, 'Cotisations CAFAT ', 209190, 0, 4.54, -9497, 17.71, -37048),
	(942, 1, 43, 57, 'COTISATION CAFAT RUAMM Tranche 1 ', 209190, 0, 3.85, -8054, 11.3, -23638),
	(943, 1, 43, 58, 'COTISATION CAFAT RUAMM Tranche 2 ', 0, 0, 1.25, 0, 3.75, 0),
	(944, 1, 44, 62, 'Accident du travail ', 211532, 0, 0, 0, 2.88, -6092),
	(945, 1, 44, 64, 'Formation Professionnelle Continue ', 211532, 0, 0, 0, 0.7, -1481),
	(946, 1, 44, 65, 'Fond Social de l\'Habitat ', 211532, 0, 0, 0, 2, -4231),
	(947, 1, 44, 66, 'CCS ', 211532, 0, 1, -2115, 0, 0),
	(948, 1, 44, 71, 'C.R.E. Tranche 1 - non cadre ', 211532, 0, 3.1, -6557, 4.65, -9836),
	(949, 1, 44, 72, 'AGFF Tranche 1 ', 211532, 0, 0.8, -1692, 1.2, -2538),
	(950, 1, 44, 75, 'C.R.E. Tranche 2 - non cadre ', 0, 0, 8.1, 0, 12.15, 0),
	(951, 1, 44, 77, 'TOTAL DES RETENUES SUR LE BRUT ', 0, 0, 0, -28112, 0, -85543),
	(952, 1, 44, 78, 'NET IMPOSABLE ', 0, 0, 0, 155829, 0, 0),
	(953, 1, 44, 81, 'Opposition 16358/2015 ', 6200, 1, 0, -6200, 0, 0),
	(954, 1, 44, 83, 'Acompte', 60000, 1, 0, -60000, 0, 0),
	(955, 1, 44, 90, 'NET A PAYER ', 0, 0, 0, 117220, 0, 0),
	(956, 1, 44, 1, 'Salaire de base', 928.994, 173, 0, 160716, 0, 0),
	(957, 1, 44, 2, 'Jour férié / chômé ', 928.994, 7, 0, 6503, 0, 0),
	(958, 1, 44, 76, 'ASSIETTE C.E.S.', 0, 0, 0, 167219, 0, 0),
	(959, 1, 44, 43, 'Indemnité de congés payés ', 167220, 0, 10, 16722, 0, 0),
	(960, 1, 44, 44, 'Indemnité de précarité ', 183942, 0, 15, 27591, 0, 0),
	(961, 1, 44, 50, 'BRUT SOUMIS A COTISATIONS ', 0, 0, 0, 211532, 0, 0),
	(962, 1, 44, 55, 'SALAIRE BRUT ', 0, 0, 0, 211532, 0, 0),
	(963, 1, 44, 56, 'Cotisations CAFAT ', 211532, 0, 4.54, -9604, 17.71, -37462),
	(964, 1, 44, 57, 'COTISATION CAFAT RUAMM Tranche 1 ', 211532, 0, 3.85, -8144, 11.3, -23903),
	(965, 1, 44, 58, 'COTISATION CAFAT RUAMM Tranche 2 ', 0, 0, 1.25, 0, 3.75, 0),
	(966, 1, 45, 62, 'Accident du travail ', 183941, 0, 0, 0, 2.88, -5298),
	(967, 1, 45, 64, 'Formation Professionnelle Continue ', 183941, 0, 0, 0, 0.7, -1288),
	(968, 1, 45, 65, 'Fond Social de l\'Habitat ', 183941, 0, 0, 0, 2, -3679),
	(969, 1, 45, 66, 'CCS ', 183941, 0, 1, -1839, 0, 0),
	(970, 1, 45, 71, 'C.R.E. Tranche 1 - non cadre ', 183941, 0, 3.1, -5702, 4.65, -8553),
	(971, 1, 45, 72, 'AGFF Tranche 1 ', 183941, 0, 0.8, -1472, 1.2, -2207),
	(972, 1, 45, 75, 'C.R.E. Tranche 2 - non cadre ', 0, 0, 8.1, 0, 12.15, 0),
	(973, 1, 45, 77, 'TOTAL DES RETENUES SUR LE BRUT ', 0, 0, 0, -24446, 0, -74386),
	(974, 1, 45, 78, 'NET IMPOSABLE ', 0, 0, 0, 159495, 0, 0),
	(975, 1, 45, 83, 'Acompte', 30000, 1, 0, -30000, 0, 0),
	(976, 1, 45, 90, 'NET A PAYER ', 0, 0, 0, 129495, 0, 0),
	(977, 1, 45, 1, 'Salaire de base', 928.994, 173, 0, 160716, 0, 0),
	(978, 1, 45, 2, 'Jour férié / chômé ', 928.994, 7, 0, 6503, 0, 0),
	(979, 1, 45, 76, 'ASSIETTE C.E.S.', 0, 0, 0, 167219, 0, 0),
	(980, 1, 45, 43, 'Indemnité de congés payés ', 167220, 0, 10, 16722, 0, 0),
	(981, 1, 45, 50, 'BRUT SOUMIS A COTISATIONS ', 0, 0, 0, 183941, 0, 0),
	(982, 1, 45, 55, 'SALAIRE BRUT ', 0, 0, 0, 183941, 0, 0),
	(983, 1, 45, 56, 'Cotisations CAFAT ', 183941, 0, 4.54, -8351, 17.71, -32576),
	(984, 1, 45, 57, 'COTISATION CAFAT RUAMM Tranche 1 ', 183941, 0, 3.85, -7082, 11.3, -20785),
	(985, 1, 45, 58, 'COTISATION CAFAT RUAMM Tranche 2 ', 0, 0, 1.25, 0, 3.75, 0),
	(986, 1, 46, 62, 'Accident du travail ', 208773, 0, 0, 0, 2.88, -6013),
	(987, 1, 46, 64, 'Formation Professionnelle Continue ', 208773, 0, 0, 0, 0.7, -1461),
	(988, 1, 46, 65, 'Fond Social de l\'Habitat ', 208773, 0, 0, 0, 2, -4175),
	(989, 1, 46, 66, 'CCS ', 208773, 0, 1, -2088, 0, 0),
	(990, 1, 46, 71, 'C.R.E. Tranche 1 - non cadre ', 208773, 0, 3.1, -6472, 4.65, -9708),
	(991, 1, 46, 72, 'AGFF Tranche 1 ', 208773, 0, 0.8, -1670, 1.2, -2505),
	(992, 1, 46, 75, 'C.R.E. Tranche 2 - non cadre ', 0, 0, 8.1, 0, 12.15, 0),
	(993, 1, 46, 77, 'TOTAL DES RETENUES SUR LE BRUT ', 0, 0, 0, -27746, 0, -84427),
	(994, 1, 46, 78, 'NET IMPOSABLE ', 0, 0, 0, 181027, 0, 0),
	(995, 1, 46, 90, 'NET A PAYER ', 0, 0, 0, 181027, 0, 0),
	(996, 1, 46, 1, 'Salaire de base', 1054.408, 173, 0, 182413, 0, 0),
	(997, 1, 46, 2, 'Jour férié / chômé ', 1054.408, 7, 0, 7381, 0, 0),
	(998, 1, 46, 76, 'ASSIETTE C.E.S.', 0, 0, 0, 189794, 0, 0),
	(999, 1, 46, 43, 'Indemnité de congés payés ', 189794, 0, 10, 18979, 0, 0),
	(1000, 1, 46, 50, 'BRUT SOUMIS A COTISATIONS ', 0, 0, 0, 208773, 0, 0),
	(1001, 1, 46, 55, 'SALAIRE BRUT ', 0, 0, 0, 208773, 0, 0),
	(1002, 1, 46, 56, 'Cotisations CAFAT ', 208773, 0, 4.54, -9478, 17.71, -36974),
	(1003, 1, 46, 57, 'COTISATION CAFAT RUAMM Tranche 1 ', 208773, 0, 3.85, -8038, 11.3, -23591),
	(1004, 1, 46, 58, 'COTISATION CAFAT RUAMM Tranche 2 ', 0, 0, 1.25, 0, 3.75, 0),
	(1005, 1, 47, 62, 'Accident du travail ', 183941, 0, 0, 0, 2.88, -5298),
	(1006, 1, 47, 64, 'Formation Professionnelle Continue ', 183941, 0, 0, 0, 0.7, -1288),
	(1007, 1, 47, 65, 'Fond Social de l\'Habitat ', 183941, 0, 0, 0, 2, -3679),
	(1008, 1, 47, 66, 'CCS ', 183941, 0, 1, -1839, 0, 0),
	(1009, 1, 47, 71, 'C.R.E. Tranche 1 - non cadre ', 183941, 0, 3.1, -5702, 4.65, -8553),
	(1010, 1, 47, 72, 'AGFF Tranche 1 ', 183941, 0, 0.8, -1472, 1.2, -2207),
	(1011, 1, 47, 75, 'C.R.E. Tranche 2 - non cadre ', 0, 0, 8.1, 0, 12.15, 0),
	(1012, 1, 47, 77, 'TOTAL DES RETENUES SUR LE BRUT ', 0, 0, 0, -24446, 0, -74386),
	(1013, 1, 47, 78, 'NET IMPOSABLE ', 0, 0, 0, 159495, 0, 0),
	(1014, 1, 47, 90, 'NET A PAYER ', 0, 0, 0, 159495, 0, 0),
	(1015, 1, 47, 1, 'Salaire de base', 928.994, 173, 0, 160716, 0, 0),
	(1016, 1, 47, 2, 'Jour férié / chômé ', 928.994, 7, 0, 6503, 0, 0),
	(1017, 1, 47, 76, 'ASSIETTE C.E.S.', 0, 0, 0, 167219, 0, 0),
	(1018, 1, 47, 43, 'Indemnité de congés payés ', 167220, 0, 10, 16722, 0, 0),
	(1019, 1, 47, 50, 'BRUT SOUMIS A COTISATIONS ', 0, 0, 0, 183941, 0, 0),
	(1020, 1, 47, 55, 'SALAIRE BRUT ', 0, 0, 0, 183941, 0, 0),
	(1021, 1, 47, 56, 'Cotisations CAFAT ', 183941, 0, 4.54, -8351, 17.71, -32576),
	(1022, 1, 47, 57, 'COTISATION CAFAT RUAMM Tranche 1 ', 183941, 0, 3.85, -7082, 11.3, -20785),
	(1023, 1, 47, 58, 'COTISATION CAFAT RUAMM Tranche 2 ', 0, 0, 1.25, 0, 3.75, 0),
	(1024, 1, 48, 62, 'Accident du travail ', 278190, 0, 0, 0, 2.88, -8012),
	(1025, 1, 48, 64, 'Formation Professionnelle Continue ', 278190, 0, 0, 0, 0.7, -1947),
	(1026, 1, 48, 65, 'Fond Social de l\'Habitat ', 278190, 0, 0, 0, 2, -5564),
	(1027, 1, 48, 66, 'CCS ', 278190, 0, 1, -2782, 0, 0),
	(1028, 1, 48, 71, 'C.R.E. Tranche 1 - non cadre ', 278190, 0, 3.1, -8624, 4.65, -12936),
	(1029, 1, 48, 72, 'AGFF Tranche 1 ', 278190, 0, 0.8, -2226, 1.2, -3338),
	(1030, 1, 48, 75, 'C.R.E. Tranche 2 - non cadre ', 0, 0, 8.1, 0, 12.15, 0),
	(1031, 1, 48, 77, 'TOTAL DES RETENUES SUR LE BRUT ', 0, 0, 0, -36972, 0, -112499),
	(1032, 1, 48, 78, 'NET IMPOSABLE ', 0, 0, 0, 171801, 0, 0),
	(1033, 1, 48, 81, 'Opposition N°2008/528 ', 25203, 1, 0, -25203, 0, 0),
	(1034, 1, 48, 90, 'NET A PAYER ', 0, 0, 0, 216015, 0, 0),
	(1035, 1, 48, 1, 'Salaire de base', 1054.408, 173, 0, 182413, 0, 0),
	(1036, 1, 48, 2, 'Jour férié / chômé ', 1054.408, 7, 0, 7381, 0, 0),
	(1037, 1, 48, 76, 'ASSIETTE C.E.S.', 0, 0, 0, 189794, 0, 0),
	(1038, 1, 48, 43, 'Indemnité de congés payés ', 189794, 0, 10, 18979, 0, 0),
	(1039, 1, 48, 44, 'Indemnité de précarité ', 462780, 0, 15, 69417, 0, 0),
	(1040, 1, 48, 50, 'BRUT SOUMIS A COTISATIONS ', 0, 0, 0, 278190, 0, 0),
	(1041, 1, 48, 55, 'SALAIRE BRUT ', 0, 0, 0, 278190, 0, 0),
	(1042, 1, 48, 56, 'Cotisations CAFAT ', 278190, 0, 4.54, -12630, 17.71, -49267),
	(1043, 1, 48, 57, 'COTISATION CAFAT RUAMM Tranche 1 ', 278190, 0, 3.85, -10710, 11.3, -31435),
	(1044, 1, 48, 58, 'COTISATION CAFAT RUAMM Tranche 2 ', 0, 0, 1.25, 0, 3.75, 0),
	(1045, 1, 49, 62, 'Accident du travail ', 188745, 0, 0, 0, 3.6, -6795),
	(1046, 1, 49, 64, 'Formation Professionnelle Continue ', 188745, 0, 0, 0, 0.7, -1321),
	(1047, 1, 49, 65, 'Fond Social de l\'Habitat ', 188745, 0, 0, 0, 2, -1),
	(1048, 1, 49, 66, 'CCS ', 188745, 0, 1, -1887, 0, 0),
	(1049, 1, 49, 71, 'C.R.E. Tranche 1 - non cadre ', 188745, 0, 3.1, -5851, 4.65, -8777),
	(1050, 1, 49, 72, 'AGFF Tranche 1 ', 188745, 0, 0.8, -1510, 1.2, -2265),
	(1051, 1, 49, 75, 'C.R.E. Tranche 2 - non cadre ', 0, 0, 8.1, 0, 12.15, 0),
	(1052, 1, 49, 77, 'TOTAL DES RETENUES SUR LE BRUT ', 0, 0, 0, -25084, 0, -77688),
	(1053, 1, 49, 78, 'NET IMPOSABLE ', 0, 0, 0, 163661, 0, 0),
	(1054, 1, 49, 83, 'Acompte', 40000, 1, 0, -40000, 0, 0),
	(1055, 1, 49, 90, 'NET A PAYER ', 0, 0, 0, 123661, 0, 0),
	(1056, 1, 49, 1, 'Salaire de base', 953.254, 173, 0, 164913, 0, 0),
	(1057, 1, 49, 2, 'Jour férié / chômé ', 953.254, 7, 0, 6673, 0, 0),
	(1058, 1, 49, 76, 'ASSIETTE C.E.S.', 0, 0, 0, 171586, 0, 0),
	(1059, 1, 49, 43, 'Indemnité de congés payés ', 171586, 0, 10, 17159, 0, 0),
	(1060, 1, 49, 50, 'BRUT SOUMIS A COTISATIONS ', 0, 0, 0, 188745, 0, 0),
	(1061, 1, 49, 55, 'SALAIRE BRUT ', 0, 0, 0, 188745, 0, 0),
	(1062, 1, 49, 56, 'Cotisations CAFAT ', 188745, 0, 4.54, -8569, 17.71, -33427),
	(1063, 1, 49, 57, 'COTISATION CAFAT RUAMM Tranche 1 ', 188745, 0, 3.85, -7267, 11.3, -21328),
	(1064, 1, 49, 58, 'COTISATION CAFAT RUAMM Tranche 2 ', 0, 0, 1.25, 0, 3.75, 0),
	(1065, 1, 50, 62, 'Accident du travail ', 171190, 0, 0, 0, 3.6, -6163),
	(1066, 1, 50, 64, 'Formation Professionnelle Continue ', 171190, 0, 0, 0, 0.7, -1198),
	(1067, 1, 50, 65, 'Fond Social de l\'Habitat ', 171190, 0, 0, 0, 2, -3424),
	(1068, 1, 50, 66, 'CCS ', 171190, 0, 1, -1712, 0, 0),
	(1069, 1, 50, 71, 'C.R.E. Tranche 1 - non cadre ', 171190, 0, 3.1, -5307, 4.65, -7960),
	(1070, 1, 50, 72, 'AGFF Tranche 1 ', 171190, 0, 0.8, -1370, 1.2, -2054),
	(1071, 1, 50, 75, 'C.R.E. Tranche 2 - non cadre ', 0, 0, 8.1, 0, 12.15, 0),
	(1072, 1, 50, 77, 'TOTAL DES RETENUES SUR LE BRUT ', 0, 0, 0, -22752, 0, -70461),
	(1073, 1, 50, 78, 'NET IMPOSABLE ', 0, 0, 0, 148438, 0, 0),
	(1074, 1, 50, 83, 'Acompte', 60000, 1, 0, -60000, 0, 0),
	(1075, 1, 50, 90, 'NET A PAYER ', 0, 0, 0, 88438, 0, 0),
	(1076, 1, 50, 1, 'Salaire de base', 904.804, 165, 0, 149293, 0, 0),
	(1077, 1, 50, 2, 'Jour férié / chômé ', 904.804, 7, 0, 6334, 0, 0),
	(1078, 1, 50, 76, 'ASSIETTE C.E.S.', 0, 0, 0, 155627, 0, 0),
	(1079, 1, 50, 43, 'Indemnité de congés payés ', 155626, 0, 10, 15563, 0, 0),
	(1080, 1, 50, 50, 'BRUT SOUMIS A COTISATIONS ', 0, 0, 0, 171190, 0, 0),
	(1081, 1, 50, 55, 'SALAIRE BRUT ', 0, 0, 0, 171190, 0, 0),
	(1082, 1, 50, 56, 'Cotisations CAFAT ', 171190, 0, 4.54, -7772, 17.71, -30318),
	(1083, 1, 50, 57, 'COTISATION CAFAT RUAMM Tranche 1 ', 171190, 0, 3.85, -6591, 11.3, -19344),
	(1084, 1, 50, 58, 'COTISATION CAFAT RUAMM Tranche 2 ', 0, 0, 1.25, 0, 3.75, 0),
	(1085, 1, 51, 1, 'Salaire de base', 904.804, 153.5, 0, 138887, 0, 0),
	(1086, 1, 51, 3, 'Heures de nuit à 100%', 904.804, 2.5, 200, 4524, 0, 0),
	(1087, 1, 51, 11, 'Heures majorées à 25%', 904.804, 18, 125, 20358, 0, 0),
	(1088, 11, 51, 29, 'Repos compensateur payé 20%', 904.804, 1.2, 20, 217, 0, 0),
	(1089, 1, 51, 76, 'ASSIETTE C.E.S.', 0, 0, 0, 163986, 0, 0),
	(1090, 1, 51, 41, 'Prime de salissure ', 1000, 20, 0, 20000, 0, 0),
	(1091, 1, 51, 43, 'Indemnité de congés payés ', 163985, 0, 10, 16399, 0, 0),
	(1092, 1, 51, 47, 'Prime de panier ', 100, 18, 0, 1800, 0, 0),
	(1093, 1, 51, 50, 'BRUT SOUMIS A COTISATIONS ', 0, 0, 0, 202185, 0, 0),
	(1094, 1, 51, 52, 'Prime de panier ', 900, 18, 0, 16200, 0, 0),
	(1095, 1, 51, 55, 'SALAIRE BRUT ', 0, 0, 0, 218385, 0, 0),
	(1096, 1, 51, 56, 'Cotisations CAFAT ', 202185, 0, 4.54, -9179, 17.71, -35807),
	(1097, 1, 51, 57, 'COTISATION CAFAT RUAMM Tranche 1 ', 202185, 0, 3.85, -7784, 11.3, -22847),
	(1098, 1, 51, 58, 'COTISATION CAFAT RUAMM Tranche 2 ', 0, 0, 1.25, 0, 3.75, 0),
	(1099, 1, 51, 62, 'Accident du travail ', 202185, 0, 0, 0, 3.6, -7279),
	(1100, 1, 51, 64, 'Formation Professionnelle Continue ', 202185, 0, 0, 0, 0.7, -1415),
	(1101, 1, 51, 65, 'Fond Social de l\'Habitat ', 202185, 0, 0, 0, 2, -4044),
	(1102, 1, 51, 66, 'CCS ', 202185, 0, 1, -2022, 0, 0),
	(1103, 1, 51, 71, 'C.R.E. Tranche 1 - non cadre ', 202185, 0, 3.1, -6268, 4.65, -9402),
	(1104, 1, 51, 72, 'AGFF Tranche 1 ', 202185, 0, 0.8, -1617, 1.2, -2426),
	(1105, 1, 51, 77, 'TOTAL DES RETENUES SUR LE BRUT ', 0, 0, 0, -26870, 0, -83220),
	(1106, 1, 51, 78, 'NET IMPOSABLE ', 0, 0, 0, 175315, 0, 0),
	(1107, 1, 51, 90, 'NET A PAYER ', 0, 0, 0, 191515, 0, 0),
	(1108, 1, 52, 1, 'Salaire de base', 904.804, 117, 0, 105862, 0, 0),
	(1109, 1, 52, 4, 'Heures de nuit à 15%', 904.804, 46, 115, 47864, 0, 0),
	(1110, 1, 52, 11, 'Heures majorées à 25%', 904.804, 21, 125, 23751, 0, 0),
	(1111, 11, 52, 29, 'Repos compensateur payé 20%', 904.804, 2.4, 20, 434, 0, 0),
	(1112, 1, 52, 76, 'ASSIETTE C.E.S.', 0, 0, 0, 177911, 0, 0),
	(1113, 1, 52, 39, 'Prime Nuitée', 1500, 12, 0, 18000, 0, 0),
	(1114, 1, 52, 43, 'Indemnité de congés payés ', 177911, 0, 10, 17791, 0, 0),
	(1115, 1, 52, 50, 'BRUT SOUMIS A COTISATIONS ', 0, 0, 0, 213702, 0, 0),
	(1116, 1, 52, 55, 'SALAIRE BRUT ', 0, 0, 0, 213702, 0, 0),
	(1117, 1, 52, 56, 'Cotisations CAFAT ', 213702, 0, 4.54, -9702, 17.71, -37847),
	(1118, 1, 52, 57, 'COTISATION CAFAT RUAMM Tranche 1 ', 213702, 0, 3.85, -8228, 11.3, -24148),
	(1119, 1, 52, 58, 'COTISATION CAFAT RUAMM Tranche 2 ', 0, 0, 1.25, 0, 3.75, 0),
	(1120, 1, 52, 62, 'Accident du travail ', 213702, 0, 0, 0, 3.6, -7693),
	(1121, 1, 52, 64, 'Formation Professionnelle Continue ', 213702, 0, 0, 0, 0.7, -1496),
	(1122, 1, 52, 65, 'Fond Social de l\'Habitat ', 213702, 0, 0, 0, 2, -4274),
	(1123, 1, 52, 66, 'CCS ', 213702, 0, 1, -2137, 0, 0),
	(1124, 1, 52, 71, 'C.R.E. Tranche 1 - non cadre ', 213702, 0, 3.1, -6625, 4.65, -9937),
	(1125, 1, 52, 72, 'AGFF Tranche 1 ', 213702, 0, 0.8, -1710, 1.2, -2564),
	(1126, 1, 52, 75, 'C.R.E. Tranche 2 - non cadre ', 0, 0, 8.1, 0, 12.15, 0),
	(1127, 1, 52, 77, 'TOTAL DES RETENUES SUR LE BRUT ', 0, 0, 0, -28402, 0, -87959),
	(1128, 1, 52, 78, 'NET IMPOSABLE ', 0, 0, 0, 185300, 0, 0),
	(1129, 1, 52, 83, 'Acompte', 50000, 1, 0, -50000, 0, 0),
	(1130, 1, 52, 90, 'NET A PAYER ', 0, 0, 0, 135300, 0, 0),
	(1131, 1, 53, 39, 'Prime Nuitée', 1500, 11, 0, 16500, 0, 0),
	(1132, 1, 53, 43, 'Indemnité de congés payés ', 173415, 0, 10, 17342, 0, 0),
	(1133, 1, 53, 50, 'BRUT SOUMIS A COTISATIONS ', 0, 0, 0, 207257, 0, 0),
	(1134, 1, 53, 55, 'SALAIRE BRUT ', 0, 0, 0, 207257, 0, 0),
	(1135, 1, 53, 56, 'Cotisations CAFAT ', 207257, 0, 4.54, -9409, 17.71, -36705),
	(1136, 1, 53, 57, 'COTISATION CAFAT RUAMM Tranche 1 ', 207257, 0, 3.85, -7979, 11.3, -23420),
	(1137, 1, 53, 58, 'COTISATION CAFAT RUAMM Tranche 2 ', 0, 0, 1.25, 0, 3.75, 0),
	(1138, 1, 53, 62, 'Accident du travail ', 207257, 0, 0, 0, 3.6, -7461),
	(1139, 1, 53, 64, 'Formation Professionnelle Continue ', 207257, 0, 0, 0, 0.7, -1451),
	(1140, 1, 53, 65, 'Fond Social de l\'Habitat ', 207257, 0, 0, 0, 2, -4145),
	(1141, 1, 53, 66, 'CCS ', 207257, 0, 1, -2073, 0, 0),
	(1142, 1, 53, 71, 'C.R.E. Tranche 1 - non cadre ', 207257, 0, 3.1, -6425, 4.65, -9637),
	(1143, 1, 53, 72, 'AGFF Tranche 1 ', 207257, 0, 0.8, -1658, 1.2, -2487),
	(1144, 1, 53, 75, 'C.R.E. Tranche 2 - non cadre ', 0, 0, 8.1, 0, 12.15, 0),
	(1145, 1, 53, 77, 'TOTAL DES RETENUES SUR LE BRUT ', 0, 0, 0, -27544, 0, -85306),
	(1146, 1, 53, 78, 'NET IMPOSABLE ', 0, 0, 0, 179713, 0, 0),
	(1147, 1, 53, 83, 'Acompte', 40000, 1, 0, -40000, 0, 0),
	(1148, 1, 53, 90, 'NET A PAYER ', 0, 0, 0, 139713, 0, 0),
	(1149, 1, 53, 1, 'Salaire de base', 904.804, 50.5, 0, 45693, 0, 0),
	(1150, 1, 53, 4, 'Heures de nuit à 15%', 904.804, 115, 115, 119660, 0, 0),
	(1151, 1, 53, 11, 'Heures majorées à 25%', 904.804, 7, 125, 7917, 0, 0),
	(1152, 11, 53, 29, 'Repos compensateur payé 20%', 904.804, 0.8, 20, 145, 0, 0),
	(1153, 1, 53, 76, 'ASSIETTE C.E.S.', 0, 0, 0, 173415, 0, 0),
	(1154, 1, 54, 43, 'Indemnité de congés payés ', 238307, 0, 10, 23831, 0, 0),
	(1155, 1, 54, 50, 'BRUT SOUMIS A COTISATIONS ', 0, 0, 0, 262138, 0, 0),
	(1156, 1, 54, 47, 'Prime de panier ', 905, 17, 0, 15385, 0, 0),
	(1157, 1, 54, 55, 'SALAIRE BRUT ', 0, 0, 0, 277523, 0, 0),
	(1158, 1, 54, 56, 'Cotisations CAFAT ', 262138, 0, 4.54, -11901, 17.71, -46425),
	(1159, 1, 54, 57, 'COTISATION CAFAT RUAMM Tranche 1 ', 262138, 0, 3.85, -10092, 11.3, -29622),
	(1160, 1, 54, 58, 'COTISATION CAFAT RUAMM Tranche 2 ', 0, 0, 1.25, 0, 3.75, 0),
	(1161, 1, 54, 62, 'Accident du travail ', 262138, 0, 0, 0, 3.6, -9437),
	(1162, 1, 54, 64, 'Formation Professionnelle Continue ', 262138, 0, 0, 0, 0.7, -1835),
	(1163, 1, 54, 65, 'Fond Social de l\'Habitat ', 262138, 0, 0, 0, 2, -5243),
	(1164, 1, 54, 66, 'CCS ', 262138, 0, 1, -2621, 0, 0),
	(1165, 1, 54, 71, 'C.R.E. Tranche 1 - non cadre ', 262138, 0, 3.1, -8126, 4.65, -12189),
	(1166, 1, 54, 72, 'AGFF Tranche 1 ', 262138, 0, 0.8, -2097, 1.2, -3146),
	(1167, 1, 54, 75, 'C.R.E. Tranche 2 - non cadre ', 0, 0, 8.1, 0, 12.15, 0),
	(1168, 1, 54, 77, 'TOTAL DES RETENUES SUR LE BRUT ', 0, 0, 0, -34837, 0, -107897),
	(1169, 1, 54, 78, 'NET IMPOSABLE ', 0, 0, 0, 227301, 0, 0),
	(1170, 1, 54, 83, 'Acompte', 30000, 1, 0, -30000, 0, 0),
	(1171, 2, 54, 83, 'Acompte', 10000, 1, 0, -10000, 0, 0),
	(1172, 1, 54, 86, 'Avance sur frais ', 980, 1, 0, -980, 0, 0),
	(1173, 1, 54, 90, 'NET A PAYER ', 0, 0, 0, 201706, 0, 0),
	(1174, 1, 54, 1, 'Salaire de base', 1156.686, 173.5, 0, 200685, 0, 0),
	(1175, 1, 54, 2, 'Jour férié / chômé ', 1156.686, 8, 0, 9253, 0, 0),
	(1176, 1, 54, 11, 'Heures majorées à 25%', 1156.686, 17.5, 125, 25303, 0, 0),
	(1177, 1, 54, 12, 'Heures majorées à 50 %', 1156.686, 1.5, 150, 2603, 0, 0),
	(1178, 11, 54, 29, 'Repos compensateur payé 20%', 1156.686, 2, 20, 463, 0, 0),
	(1179, 1, 54, 76, 'ASSIETTE C.E.S.', 0, 0, 0, 238307, 0, 0),
	(1180, 1, 55, 43, 'Indemnité de congés payés ', 167645, 0, 10, 16765, 0, 0),
	(1181, 1, 55, 50, 'BRUT SOUMIS A COTISATIONS ', 0, 0, 0, 184410, 0, 0),
	(1182, 1, 55, 55, 'SALAIRE BRUT ', 0, 0, 0, 184410, 0, 0),
	(1183, 1, 55, 56, 'Cotisations CAFAT ', 184410, 0, 4.54, -8372, 17.71, -32659),
	(1184, 1, 55, 57, 'COTISATION CAFAT RUAMM Tranche 1 ', 184410, 0, 3.85, -7100, 11.3, -20838),
	(1185, 1, 55, 58, 'COTISATION CAFAT RUAMM Tranche 2 ', 0, 0, 1.25, 0, 3.75, 0),
	(1186, 1, 55, 62, 'Accident du travail ', 184410, 0, 0, 0, 2.88, -5311),
	(1187, 1, 55, 64, 'Formation Professionnelle Continue ', 184410, 0, 0, 0, 0.7, -1291),
	(1188, 1, 55, 65, 'Fond Social de l\'Habitat ', 184410, 0, 0, 0, 2, -3688),
	(1189, 1, 55, 66, 'CCS ', 184410, 0, 1, -1844, 0, 0),
	(1190, 1, 55, 71, 'C.R.E. Tranche 1 - non cadre ', 184410, 0, 3.1, -5717, 4.65, -8575),
	(1191, 1, 55, 72, 'AGFF Tranche 1 ', 184410, 0, 0.8, -1475, 1.2, -2213),
	(1192, 1, 55, 75, 'C.R.E. Tranche 2 - non cadre ', 0, 0, 8.1, 0, 12.15, 0),
	(1193, 1, 55, 77, 'TOTAL DES RETENUES SUR LE BRUT ', 0, 0, 0, -24508, 0, -74575),
	(1194, 1, 55, 78, 'NET IMPOSABLE ', 0, 0, 0, 159902, 0, 0),
	(1195, 1, 55, 81, 'Opposition salaire - 162006-2016-2459 ', 4650, 1, 0, -4650, 0, 0),
	(1196, 1, 55, 83, 'Acompte', 35000, 1, 0, -35000, 0, 0),
	(1197, 1, 55, 90, 'NET A PAYER ', 0, 0, 0, 120252, 0, 0),
	(1198, 1, 55, 1, 'Salaire de base', 931.361, 172, 0, 160194, 0, 0),
	(1199, 1, 55, 2, 'Jour férié / chômé ', 931.361, 8, 0, 7451, 0, 0),
	(1200, 1, 55, 76, 'ASSIETTE C.E.S.', 0, 0, 0, 167645, 0, 0),
	(1201, 1, 56, 1, 'Salaire de base', 904.804, 156, 0, 141149, 0, 0),
	(1202, 1, 56, 11, 'Heures majorées à 25%', 904.804, 24, 125, 27144, 0, 0),
	(1203, 1, 56, 12, 'Heures majorées à 50 %', 904.804, 10, 150, 13572, 0, 0),
	(1204, 11, 56, 29, 'Repos compensateur payé 20%', 904.804, 5, 20, 905, 0, 0),
	(1205, 1, 56, 76, 'ASSIETTE C.E.S.', 0, 0, 0, 182770, 0, 0),
	(1206, 1, 56, 43, 'Indemnité de congés payés ', 182769, 0, 10, 18277, 0, 0),
	(1207, 1, 56, 50, 'BRUT SOUMIS A COTISATIONS ', 0, 0, 0, 201047, 0, 0),
	(1208, 1, 56, 52, 'Prime de panier ', 905, 19, 0, 17195, 0, 0),
	(1209, 1, 56, 55, 'SALAIRE BRUT ', 0, 0, 0, 218242, 0, 0),
	(1210, 1, 56, 56, 'Cotisations CAFAT ', 201047, 0, 4.54, -9128, 17.71, -35605),
	(1211, 1, 56, 57, 'COTISATION CAFAT RUAMM Tranche 1 ', 201047, 0, 3.85, -7740, 11.3, -22718),
	(1212, 1, 56, 58, 'COTISATION CAFAT RUAMM Tranche 2 ', 0, 0, 1.25, 0, 3.75, 0),
	(1213, 1, 56, 62, 'Accident du travail ', 201047, 0, 0, 0, 3.6, -7238),
	(1214, 1, 56, 64, 'Formation Professionnelle Continue ', 201047, 0, 0, 0, 0.7, -1407),
	(1215, 1, 56, 65, 'Fond Social de l\'Habitat ', 201047, 0, 0, 0, 2, -4021),
	(1216, 1, 56, 66, 'CCS ', 201047, 0, 1, -2010, 0, 0),
	(1217, 1, 56, 71, 'C.R.E. Tranche 1 - non cadre ', 201047, 0, 3.1, -6232, 4.65, -9349),
	(1218, 1, 56, 72, 'AGFF Tranche 1 ', 201047, 0, 0.8, -1608, 1.2, -2413),
	(1219, 1, 56, 75, 'C.R.E. Tranche 2 - non cadre ', 0, 0, 8.1, 0, 12.15, 0),
	(1220, 1, 56, 77, 'TOTAL DES RETENUES SUR LE BRUT ', 0, 0, 0, -26718, 0, -82751),
	(1221, 1, 56, 78, 'NET IMPOSABLE ', 0, 0, 0, 174329, 0, 0),
	(1222, 1, 56, 90, 'NET A PAYER ', 0, 0, 0, 191524, 0, 0),
	(1223, 1, 57, 71, 'C.R.E. Tranche 1 - non cadre ', 213668, 0, 3.1, -6624, 4.65, -9936),
	(1224, 1, 57, 72, 'AGFF Tranche 1 ', 213668, 0, 0.8, -1709, 1.2, -2564),
	(1225, 1, 57, 75, 'C.R.E. Tranche 2 - non cadre ', 0, 0, 8.1, 0, 12.15, 0),
	(1226, 1, 57, 77, 'TOTAL DES RETENUES SUR LE BRUT ', 0, 0, 0, -28397, 0, -87946),
	(1227, 1, 57, 78, 'NET IMPOSABLE ', 0, 0, 0, 185271, 0, 0),
	(1228, 1, 57, 90, 'NET A PAYER ', 0, 0, 0, 196131, 0, 0),
	(1229, 1, 57, 1, 'Salaire de base', 904.804, 158.5, 0, 143411, 0, 0),
	(1230, 1, 57, 2, 'Jour férié / chômé ', 904.804, 16, 0, 14477, 0, 0),
	(1231, 1, 57, 11, 'Heures majorées à 25%', 904.804, 13, 125, 14703, 0, 0),
	(1232, 1, 57, 12, 'Heures majorées à 50 %', 904.804, 1.5, 150, 2036, 0, 0),
	(1233, 11, 57, 29, 'Repos compensateur payé 20%', 904.804, 1.9, 20, 344, 0, 0),
	(1234, 1, 57, 76, 'ASSIETTE C.E.S.', 0, 0, 0, 174971, 0, 0),
	(1235, 1, 57, 41, 'Prime de salissure ', 1000, 20, 0, 20000, 0, 0),
	(1236, 1, 57, 43, 'Indemnité de congés payés ', 174968, 0, 10, 17497, 0, 0),
	(1237, 1, 57, 47, 'Prime de panier ', 100, 12, 0, 1200, 0, 0),
	(1238, 1, 57, 50, 'BRUT SOUMIS A COTISATIONS ', 0, 0, 0, 213668, 0, 0),
	(1239, 1, 57, 52, 'Prime de panier ', 905, 12, 0, 10860, 0, 0),
	(1240, 1, 57, 55, 'SALAIRE BRUT ', 0, 0, 0, 224528, 0, 0),
	(1241, 1, 57, 56, 'Cotisations CAFAT ', 213668, 0, 4.54, -9701, 17.71, -37841),
	(1242, 1, 57, 57, 'COTISATION CAFAT RUAMM Tranche 1 ', 213668, 0, 3.85, -8226, 11.3, -24144),
	(1243, 1, 57, 58, 'COTISATION CAFAT RUAMM Tranche 2 ', 0, 0, 1.25, 0, 3.75, 0),
	(1244, 1, 57, 62, 'Accident du travail ', 213668, 0, 0, 0, 3.6, -7692),
	(1245, 1, 57, 64, 'Formation Professionnelle Continue ', 213668, 0, 0, 0, 0.7, -1496),
	(1246, 1, 57, 65, 'Fond Social de l\'Habitat ', 213668, 0, 0, 0, 2, -4273),
	(1247, 1, 57, 66, 'CCS ', 213668, 0, 1, -2137, 0, 0),
	(1248, 1, 58, 78, 'NET IMPOSABLE ', 0, 0, 0, 184734, 0, 0),
	(1249, 1, 58, 81, 'Op.sur salaire-162006-2016-6355 ', 11879, 1, 0, -11879, 0, 0),
	(1250, 1, 58, 90, 'NET A PAYER ', 0, 0, 0, 122855, 0, 0),
	(1251, 1, 58, 1, 'Salaire de base', 904.804, 73.5, 0, 66503, 0, 0),
	(1252, 1, 58, 76, 'ASSIETTE C.E.S.', 0, 0, 0, 177315, 0, 0),
	(1253, 1, 58, 50, 'BRUT SOUMIS A COTISATIONS ', 0, 0, 0, 213046, 0, 0),
	(1254, 1, 58, 55, 'SALAIRE BRUT ', 0, 0, 0, 213046, 0, 0),
	(1255, 1, 59, 71, 'C.R.E. Tranche 1 - non cadre ', 252811, 0, 3.1, -7837, 4.65, -11756),
	(1256, 1, 59, 72, 'AGFF Tranche 1 ', 252811, 0, 0.8, -2022, 1.2, -3034),
	(1257, 1, 59, 75, 'C.R.E. Tranche 2 - non cadre ', 0, 0, 8.1, 0, 12.15, 0),
	(1258, 1, 59, 77, 'TOTAL DES RETENUES SUR LE BRUT ', 0, 0, 0, -33598, 0, -104058),
	(1259, 1, 59, 78, 'NET IMPOSABLE ', 0, 0, 0, 219213, 0, 0),
	(1260, 1, 59, 83, 'Acompte', 50000, 1, 0, -50000, 0, 0),
	(1261, 1, 59, 90, 'NET A PAYER ', 0, 0, 0, 169213, 0, 0),
	(1262, 1, 59, 1, 'Salaire de base', 904.804, 39, 0, 35287, 0, 0),
	(1263, 1, 59, 4, 'Heures de nuit à 15%', 904.804, 108, 115, 112377, 0, 0),
	(1264, 1, 59, 11, 'Heures majorées à 25%', 904.804, 14, 125, 15834, 0, 0),
	(1265, 1, 59, 13, 'Heures majorées à 75%', 904.804, 11.5, 175, 18209, 0, 0),
	(1266, 1, 59, 18, 'Heures majorées à 150%', 904.804, 11.5, 250, 26013, 0, 0),
	(1267, 11, 59, 29, 'Repos compensateur payé 20%', 904.804, 1.6, 20, 290, 0, 0),
	(1268, 1, 59, 76, 'ASSIETTE C.E.S.', 0, 0, 0, 208010, 0, 0),
	(1269, 1, 59, 39, 'Prime Nuitée', 1500, 12, 0, 18000, 0, 0),
	(1270, 1, 59, 40, 'Prime d\'astreinte', 6000, 1, 0, 6000, 0, 0),
	(1271, 1, 59, 43, 'Indemnité de congés payés ', 208009, 0, 10, 20801, 0, 0),
	(1272, 1, 59, 50, 'BRUT SOUMIS A COTISATIONS ', 0, 0, 0, 252811, 0, 0),
	(1273, 1, 59, 55, 'SALAIRE BRUT ', 0, 0, 0, 252811, 0, 0),
	(1274, 1, 59, 56, 'Cotisations CAFAT ', 252811, 0, 4.54, -11478, 17.71, -44773),
	(1275, 1, 59, 57, 'COTISATION CAFAT RUAMM Tranche 1 ', 252811, 0, 3.85, -9733, 11.3, -28568),
	(1276, 1, 59, 58, 'COTISATION CAFAT RUAMM Tranche 2 ', 0, 0, 1.25, 0, 3.75, 0),
	(1277, 1, 59, 62, 'Accident du travail ', 252811, 0, 0, 0, 3.6, -9101),
	(1278, 1, 59, 64, 'Formation Professionnelle Continue ', 252811, 0, 0, 0, 0.7, -1770),
	(1279, 1, 59, 65, 'Fond Social de l\'Habitat ', 252811, 0, 0, 0, 2, -5056),
	(1280, 1, 59, 66, 'CCS ', 252811, 0, 1, -2528, 0, 0),
	(1281, 1, 60, 71, 'C.R.E. Tranche 1 - non cadre ', 210973, 0, 3.1, -6540, 4.65, -9810),
	(1282, 1, 60, 72, 'AGFF Tranche 1 ', 210973, 0, 0.8, -1688, 1.2, -2532),
	(1283, 1, 60, 75, 'C.R.E. Tranche 2 - non cadre ', 0, 0, 8.1, 0, 12.15, 0),
	(1284, 1, 60, 77, 'TOTAL DES RETENUES SUR LE BRUT ', 0, 0, 0, -28038, 0, -86836),
	(1285, 1, 60, 78, 'NET IMPOSABLE ', 0, 0, 0, 182935, 0, 0),
	(1286, 1, 60, 83, 'Acompte', 15000, 1, 0, -15000, 0, 0),
	(1287, 1, 60, 90, 'NET A PAYER ', 0, 0, 0, 181510, 0, 0),
	(1288, 1, 60, 1, 'Salaire de base', 904.804, 163, 0, 147483, 0, 0),
	(1289, 1, 60, 2, 'Jour férié / chômé ', 904.804, 16, 0, 14477, 0, 0),
	(1290, 1, 60, 11, 'Heures majorées à 25%', 904.804, 9, 125, 10179, 0, 0),
	(1291, 11, 60, 29, 'Repos compensateur payé 20%', 904.804, 0.6, 20, 109, 0, 0),
	(1292, 1, 60, 76, 'ASSIETTE C.E.S.', 0, 0, 0, 172248, 0, 0),
	(1293, 1, 60, 41, 'Prime de salissure ', 1000, 20, 0, 20000, 0, 0),
	(1294, 1, 60, 43, 'Indemnité de congés payés ', 172245, 0, 10, 17225, 0, 0),
	(1295, 1, 60, 47, 'Prime de panier ', 100, 15, 0, 1500, 0, 0),
	(1296, 1, 60, 50, 'BRUT SOUMIS A COTISATIONS ', 0, 0, 0, 210973, 0, 0),
	(1297, 1, 60, 52, 'Prime de panier ', 905, 15, 0, 13575, 0, 0),
	(1298, 1, 60, 55, 'SALAIRE BRUT ', 0, 0, 0, 224548, 0, 0),
	(1299, 1, 60, 56, 'Cotisations CAFAT ', 210973, 0, 4.54, -9578, 17.71, -37363),
	(1300, 1, 60, 57, 'COTISATION CAFAT RUAMM Tranche 1 ', 210973, 0, 3.85, -8122, 11.3, -23840),
	(1301, 1, 60, 58, 'COTISATION CAFAT RUAMM Tranche 2 ', 0, 0, 1.25, 0, 3.75, 0),
	(1302, 1, 60, 62, 'Accident du travail ', 210973, 0, 0, 0, 3.6, -7595),
	(1303, 1, 60, 64, 'Formation Professionnelle Continue ', 210973, 0, 0, 0, 0.7, -1477),
	(1304, 1, 60, 65, 'Fond Social de l\'Habitat ', 210973, 0, 0, 0, 2, -4219),
	(1305, 1, 60, 66, 'CCS ', 210973, 0, 1, -2110, 0, 0),
	(1306, 1, 61, 71, 'C.R.E. Tranche 1 - non cadre ', 279919, 0, 3.1, -8677, 4.65, -13016),
	(1307, 1, 61, 72, 'AGFF Tranche 1 ', 279919, 0, 0.8, -2239, 1.2, -3359),
	(1308, 1, 61, 75, 'C.R.E. Tranche 2 - non cadre ', 0, 0, 8.1, 0, 12.15, 0),
	(1309, 1, 61, 77, 'TOTAL DES RETENUES SUR LE BRUT ', 0, 0, 0, -37200, 0, -115214),
	(1310, 1, 61, 78, 'NET IMPOSABLE ', 0, 0, 0, 242719, 0, 0),
	(1311, 1, 61, 83, 'Acompte', 50000, 1, 0, -50000, 0, 0),
	(1312, 2, 61, 83, 'Acompte', 10000, 1, 0, -10000, 0, 0),
	(1313, 1, 61, 90, 'NET A PAYER ', 0, 0, 0, 198138, 0, 0),
	(1314, 1, 61, 1, 'Salaire de base', 1159.242, 164, 0, 190116, 0, 0),
	(1315, 1, 61, 2, 'Jour férié / chômé ', 1159.242, 16, 0, 18548, 0, 0),
	(1316, 1, 61, 11, 'Heures majorées à 25%', 1159.242, 23.5, 125, 34053, 0, 0),
	(1317, 1, 61, 12, 'Heures majorées à 50 %', 1159.242, 6, 150, 10433, 0, 0),
	(1318, 11, 61, 29, 'Repos compensateur payé 20%', 1159.242, 5.7, 20, 1322, 0, 0),
	(1319, 1, 61, 76, 'ASSIETTE C.E.S.', 0, 0, 0, 254472, 0, 0),
	(1320, 1, 61, 43, 'Indemnité de congés payés ', 254469, 0, 10, 25447, 0, 0),
	(1321, 1, 61, 50, 'BRUT SOUMIS A COTISATIONS ', 0, 0, 0, 279919, 0, 0),
	(1322, 1, 61, 52, 'Prime de panier ', 907, 17, 0, 15419, 0, 0),
	(1323, 1, 61, 55, 'SALAIRE BRUT ', 0, 0, 0, 295338, 0, 0),
	(1324, 1, 61, 56, 'Cotisations CAFAT ', 279919, 0, 4.54, -12708, 17.71, -49574),
	(1325, 1, 61, 57, 'COTISATION CAFAT RUAMM Tranche 1 ', 279919, 0, 3.85, -10777, 11.3, -31631),
	(1326, 1, 61, 58, 'COTISATION CAFAT RUAMM Tranche 2 ', 0, 0, 1.25, 0, 3.75, 0),
	(1327, 1, 61, 62, 'Accident du travail ', 279919, 0, 0, 0, 3.6, -10077),
	(1328, 1, 61, 64, 'Formation Professionnelle Continue ', 279919, 0, 0, 0, 0.7, -1959),
	(1329, 1, 61, 65, 'Fond Social de l\'Habitat ', 279919, 0, 0, 0, 2, -5598),
	(1330, 1, 61, 66, 'CCS ', 279919, 0, 1, -2799, 0, 0),
	(1331, 1, 62, 1, 'Salaire de base', 946.81, 99, 0, 93734, 0, 0),
	(1332, 1, 62, 7, 'Heures de nuit à 25%', 946.81, 73, 125, 86396, 0, 0),
	(1333, 1, 62, 76, 'ASSIETTE C.E.S.', 0, 0, 0, 180130, 0, 0),
	(1334, 1, 62, 43, 'Indemnité de congés payés ', 180131, 0, 10, 18013, 0, 0),
	(1335, 1, 62, 50, 'BRUT SOUMIS A COTISATIONS ', 0, 0, 0, 198143, 0, 0),
	(1336, 1, 62, 55, 'SALAIRE BRUT ', 0, 0, 0, 198143, 0, 0),
	(1337, 1, 62, 56, 'Cotisations CAFAT ', 198143, 0, 4.54, -8996, 17.71, -35091),
	(1338, 1, 62, 57, 'COTISATION CAFAT RUAMM Tranche 1 ', 198143, 0, 3.85, -7629, 11.3, -22390),
	(1339, 1, 62, 58, 'COTISATION CAFAT RUAMM Tranche 2 ', 0, 0, 1.25, 0, 3.75, 0),
	(1340, 1, 62, 62, 'Accident du travail ', 198143, 0, 0, 0, 2.88, -5707),
	(1341, 1, 62, 64, 'Formation Professionnelle Continue ', 198143, 0, 0, 0, 0.7, -1387),
	(1342, 1, 62, 65, 'Fond Social de l\'Habitat ', 198143, 0, 0, 0, 2, -3963),
	(1343, 1, 62, 66, 'CCS ', 198143, 0, 1, -1981, 0, 0),
	(1344, 1, 62, 71, 'C.R.E. Tranche 1 - non cadre ', 198143, 0, 3.1, -6142, 4.65, -9214),
	(1345, 1, 62, 72, 'AGFF Tranche 1 ', 198143, 0, 0.8, -1585, 1.2, -2378),
	(1346, 1, 62, 75, 'C.R.E. Tranche 2 - non cadre ', 0, 0, 8.1, 0, 12.15, 0),
	(1347, 1, 62, 77, 'TOTAL DES RETENUES SUR LE BRUT ', 0, 0, 0, -26333, 0, -80130),
	(1348, 1, 62, 78, 'NET IMPOSABLE ', 0, 0, 0, 171810, 0, 0),
	(1349, 1, 62, 90, 'NET A PAYER ', 0, 0, 0, 171810, 0, 0),
	(1350, 1, 63, 1, 'Salaire de base', 904.804, 161, 0, 145673, 0, 0),
	(1351, 1, 63, 11, 'Heures majorées à 25%', 904.804, 23, 125, 26013, 0, 0),
	(1352, 1, 63, 12, 'Heures majorées à 50 %', 904.804, 6, 150, 8143, 0, 0),
	(1353, 11, 63, 29, 'Repos compensateur payé 20%', 904.804, 3.8, 20, 688, 0, 0),
	(1354, 1, 63, 76, 'ASSIETTE C.E.S.', 0, 0, 0, 180517, 0, 0),
	(1355, 1, 63, 43, 'Indemnité de congés payés ', 180518, 0, 10, 18052, 0, 0),
	(1356, 1, 63, 50, 'BRUT SOUMIS A COTISATIONS ', 0, 0, 0, 198569, 0, 0),
	(1357, 1, 63, 52, 'Prime de panier ', 907, 18, 0, 16326, 0, 0),
	(1358, 1, 63, 55, 'SALAIRE BRUT ', 0, 0, 0, 214895, 0, 0),
	(1359, 1, 63, 56, 'Cotisations CAFAT ', 198569, 0, 4.54, -9015, 17.71, -35167),
	(1360, 1, 63, 57, 'COTISATION CAFAT RUAMM Tranche 1 ', 198569, 0, 3.85, -7645, 11.3, -22438),
	(1361, 1, 63, 58, 'COTISATION CAFAT RUAMM Tranche 2 ', 0, 0, 1.25, 0, 3.75, 0),
	(1362, 1, 63, 62, 'Accident du travail ', 198569, 0, 0, 0, 3.6, -7148),
	(1363, 1, 63, 64, 'Formation Professionnelle Continue ', 198569, 0, 0, 0, 0.7, -1390),
	(1364, 1, 63, 65, 'Fond Social de l\'Habitat ', 198569, 0, 0, 0, 2, -3971),
	(1365, 1, 63, 66, 'CCS ', 198569, 0, 1, -1986, 0, 0),
	(1366, 1, 63, 71, 'C.R.E. Tranche 1 - non cadre ', 198569, 0, 3.1, -6156, 4.65, -9233),
	(1367, 1, 63, 72, 'AGFF Tranche 1 ', 198569, 0, 0.8, -1589, 1.2, -2383),
	(1368, 1, 63, 75, 'C.R.E. Tranche 2 - non cadre ', 0, 0, 8.1, 0, 12.15, 0),
	(1369, 1, 63, 77, 'TOTAL DES RETENUES SUR LE BRUT ', 0, 0, 0, -26391, 0, -81730),
	(1370, 1, 63, 78, 'NET IMPOSABLE ', 0, 0, 0, 172178, 0, 0),
	(1371, 1, 63, 90, 'NET A PAYER ', 0, 0, 0, 188504, 0, 0),
	(1372, 1, 64, 1, 'Salaire de base', 904.804, 173, 0, 156531, 0, 0),
	(1373, 1, 64, 11, 'Heures majorées à 25%', 904.804, 13, 125, 14703, 0, 0),
	(1374, 11, 64, 29, 'Repos compensateur payé 20%', 904.804, 0.8, 20, 145, 0, 0),
	(1375, 1, 64, 76, 'ASSIETTE C.E.S.', 0, 0, 0, 171379, 0, 0),
	(1376, 1, 64, 41, 'Prime de salissure ', 1000, 21, 0, 21000, 0, 0),
	(1377, 1, 64, 43, 'Indemnité de congés payés ', 171379, 0, 10, 17138, 0, 0),
	(1378, 1, 64, 47, 'Prime de panier ', 100, 15, 0, 1500, 0, 0),
	(1379, 1, 64, 50, 'BRUT SOUMIS A COTISATIONS ', 0, 0, 0, 211017, 0, 0),
	(1380, 1, 64, 52, 'Prime de panier ', 905, 15, 0, 13575, 0, 0),
	(1381, 1, 64, 55, 'SALAIRE BRUT ', 0, 0, 0, 224592, 0, 0),
	(1382, 1, 64, 56, 'Cotisations CAFAT ', 211017, 0, 4.54, -9580, 17.71, -37371),
	(1383, 1, 64, 57, 'COTISATION CAFAT RUAMM Tranche 1 ', 211017, 0, 3.85, -8124, 11.3, -23845),
	(1384, 1, 64, 58, 'COTISATION CAFAT RUAMM Tranche 2 ', 0, 0, 1.25, 0, 3.75, 0),
	(1385, 1, 64, 62, 'Accident du travail ', 211017, 0, 0, 0, 3.6, -7597),
	(1386, 1, 64, 64, 'Formation Professionnelle Continue ', 211017, 0, 0, 0, 0.7, -1477),
	(1387, 1, 64, 65, 'Fond Social de l\'Habitat ', 211017, 0, 0, 0, 2, -4220),
	(1388, 1, 64, 66, 'CCS ', 211017, 0, 1, -2110, 0, 0),
	(1389, 1, 64, 71, 'C.R.E. Tranche 1 - non cadre ', 211017, 0, 3.1, -6542, 4.65, -9812),
	(1390, 1, 64, 72, 'AGFF Tranche 1 ', 211017, 0, 0.8, -1688, 1.2, -2532),
	(1391, 1, 64, 75, 'C.R.E. Tranche 2 - non cadre ', 0, 0, 8.1, 0, 12.15, 0),
	(1392, 1, 64, 77, 'TOTAL DES RETENUES SUR LE BRUT ', 0, 0, 0, -28044, 0, -86854),
	(1393, 1, 64, 78, 'NET IMPOSABLE ', 0, 0, 0, 182973, 0, 0),
	(1394, 1, 64, 83, 'Acompte', 20000, 1, 0, -20000, 0, 0),
	(1395, 1, 64, 90, 'NET A PAYER ', 0, 0, 0, 176548, 0, 0),
	(1396, 1, 65, 1, 'Salaire de base', 904.804, 173.5, 0, 156983, 0, 0),
	(1397, 1, 65, 11, 'Heures majorées à 25%', 904.804, 11.5, 125, 13007, 0, 0),
	(1398, 11, 65, 29, 'Repos compensateur payé 20%', 904.804, 0.5, 20, 90, 0, 0),
	(1399, 1, 65, 76, 'ASSIETTE C.E.S.', 0, 0, 0, 170080, 0, 0),
	(1400, 1, 65, 41, 'Prime de salissure ', 1000, 21, 0, 21000, 0, 0),
	(1401, 1, 65, 43, 'Indemnité de congés payés ', 170080, 0, 10, 17008, 0, 0),
	(1402, 1, 65, 47, 'Prime de panier ', 100, 15, 0, 1500, 0, 0),
	(1403, 1, 65, 50, 'BRUT SOUMIS A COTISATIONS ', 0, 0, 0, 209588, 0, 0),
	(1404, 1, 65, 52, 'Prime de panier ', 905, 15, 0, 13575, 0, 0),
	(1405, 1, 65, 55, 'SALAIRE BRUT ', 0, 0, 0, 223163, 0, 0),
	(1406, 1, 65, 56, 'Cotisations CAFAT ', 209588, 0, 4.54, -9515, 17.71, -37118),
	(1407, 1, 65, 57, 'COTISATION CAFAT RUAMM Tranche 1 ', 209588, 0, 3.85, -8069, 11.3, -23683),
	(1408, 1, 65, 58, 'COTISATION CAFAT RUAMM Tranche 2 ', 0, 0, 1.25, 0, 3.75, 0),
	(1409, 1, 65, 62, 'Accident du travail ', 209588, 0, 0, 0, 3.6, -7545),
	(1410, 1, 65, 64, 'Formation Professionnelle Continue ', 209588, 0, 0, 0, 0.7, -1467),
	(1411, 1, 65, 65, 'Fond Social de l\'Habitat ', 209588, 0, 0, 0, 2, -4192),
	(1412, 1, 65, 66, 'CCS ', 209588, 0, 1, -2096, 0, 0),
	(1413, 1, 65, 71, 'C.R.E. Tranche 1 - non cadre ', 209588, 0, 3.1, -6497, 4.65, -9746),
	(1414, 1, 65, 72, 'AGFF Tranche 1 ', 209588, 0, 0.8, -1677, 1.2, -2515),
	(1415, 1, 65, 75, 'C.R.E. Tranche 2 - non cadre ', 0, 0, 8.1, 0, 12.15, 0),
	(1416, 1, 65, 77, 'TOTAL DES RETENUES SUR LE BRUT ', 0, 0, 0, -27854, 0, -86266),
	(1417, 1, 65, 78, 'NET IMPOSABLE ', 0, 0, 0, 181734, 0, 0),
	(1418, 1, 65, 90, 'NET A PAYER ', 0, 0, 0, 195309, 0, 0),
	(1419, 1, 66, 1, 'Salaire de base', 904.804, 163, 0, 147483, 0, 0),
	(1420, 1, 66, 2, 'Jour férié / chômé ', 904.804, 8, 0, 7238, 0, 0),
	(1421, 1, 66, 11, 'Heures majorées à 25%', 904.804, 20, 125, 22620, 0, 0),
	(1422, 1, 66, 12, 'Heures majorées à 50 %', 904.804, 1, 150, 1357, 0, 0),
	(1423, 11, 66, 29, 'Repos compensateur payé 20%', 904.804, 3.2, 20, 579, 0, 0),
	(1424, 1, 66, 76, 'ASSIETTE C.E.S.', 0, 0, 0, 179277, 0, 0),
	(1425, 1, 66, 41, 'Prime de salissure ', 1000, 20, 0, 20000, 0, 0),
	(1426, 1, 66, 43, 'Indemnité de congés payés ', 179277, 0, 10, 17928, 0, 0),
	(1427, 1, 66, 47, 'Prime de panier ', 100, 6, 0, 600, 0, 0),
	(1428, 1, 66, 50, 'BRUT SOUMIS A COTISATIONS ', 0, 0, 0, 217805, 0, 0),
	(1429, 1, 66, 52, 'Prime de panier ', 905, 6, 0, 5430, 0, 0),
	(1430, 1, 66, 55, 'SALAIRE BRUT ', 0, 0, 0, 223235, 0, 0),
	(1431, 1, 66, 56, 'Cotisations CAFAT ', 217805, 0, 4.54, -9888, 17.71, -38573),
	(1432, 1, 66, 57, 'COTISATION CAFAT RUAMM Tranche 1 ', 217805, 0, 3.85, -8385, 11.3, -24612),
	(1433, 1, 66, 58, 'COTISATION CAFAT RUAMM Tranche 2 ', 0, 0, 1.25, 0, 3.75, 0),
	(1434, 1, 66, 62, 'Accident du travail ', 217805, 0, 0, 0, 3.6, -7841),
	(1435, 1, 66, 64, 'Formation Professionnelle Continue ', 217805, 0, 0, 0, 0.7, -1525),
	(1436, 1, 66, 65, 'Fond Social de l\'Habitat ', 217805, 0, 0, 0, 2, -4356),
	(1437, 1, 66, 66, 'CCS ', 217805, 0, 1, -2178, 0, 0),
	(1438, 1, 66, 71, 'C.R.E. Tranche 1 - non cadre ', 217805, 0, 3.1, -6752, 4.65, -10128),
	(1439, 1, 66, 72, 'AGFF Tranche 1 ', 217805, 0, 0.8, -1742, 1.2, -2614),
	(1440, 1, 66, 75, 'C.R.E. Tranche 2 - non cadre ', 0, 0, 8.1, 0, 12.15, 0),
	(1441, 1, 66, 77, 'TOTAL DES RETENUES SUR LE BRUT ', 0, 0, 0, -28945, 0, -89649),
	(1442, 1, 66, 78, 'NET IMPOSABLE ', 0, 0, 0, 188860, 0, 0),
	(1443, 1, 66, 90, 'NET A PAYER ', 0, 0, 0, 194290, 0, 0),
	(1444, 1, 67, 1, 'Salaire de base', 1084.106, 176, 0, 190803, 0, 0),
	(1445, 1, 67, 2, 'Jour férié / chômé ', 1084.106, 8, 0, 8673, 0, 0),
	(1446, 1, 67, 11, 'Heures majorées à 25%', 1084.106, 4.5, 125, 6098, 0, 0),
	(1447, 11, 67, 29, 'Repos compensateur payé 20%', 1084.106, 0.1, 20, 22, 0, 0),
	(1448, 1, 67, 76, 'ASSIETTE C.E.S.', 0, 0, 0, 205596, 0, 0),
	(1449, 1, 67, 43, 'Indemnité de congés payés ', 205596, 0, 10, 20560, 0, 0),
	(1450, 1, 67, 50, 'BRUT SOUMIS A COTISATIONS ', 0, 0, 0, 226156, 0, 0),
	(1451, 1, 67, 52, 'Prime de panier ', 907, 14, 0, 12698, 0, 0),
	(1452, 1, 67, 55, 'SALAIRE BRUT ', 0, 0, 0, 238854, 0, 0),
	(1453, 1, 67, 56, 'Cotisations CAFAT ', 226156, 0, 4.54, -10267, 17.71, -40052),
	(1454, 1, 67, 57, 'COTISATION CAFAT RUAMM Tranche 1 ', 226156, 0, 3.85, -8707, 11.3, -25556),
	(1455, 1, 67, 58, 'COTISATION CAFAT RUAMM Tranche 2 ', 0, 0, 1.25, 0, 3.75, 0),
	(1456, 1, 67, 62, 'Accident du travail ', 226156, 0, 0, 0, 3.6, -8142),
	(1457, 1, 67, 64, 'Formation Professionnelle Continue ', 226156, 0, 0, 0, 0.7, -1583),
	(1458, 1, 67, 65, 'Fond Social de l\'Habitat ', 226156, 0, 0, 0, 2, -4523),
	(1459, 1, 67, 66, 'CCS ', 226156, 0, 1, -2262, 0, 0),
	(1460, 1, 67, 71, 'C.R.E. Tranche 1 - non cadre ', 226156, 0, 3.1, -7011, 4.65, -10516),
	(1461, 1, 67, 72, 'AGFF Tranche 1 ', 226156, 0, 0.8, -1809, 1.2, -2714),
	(1462, 1, 67, 75, 'C.R.E. Tranche 2 - non cadre ', 0, 0, 8.1, 0, 12.15, 0),
	(1463, 1, 67, 77, 'TOTAL DES RETENUES SUR LE BRUT ', 0, 0, 0, -30056, 0, -93086),
	(1464, 1, 67, 78, 'NET IMPOSABLE ', 0, 0, 0, 196100, 0, 0),
	(1465, 1, 67, 83, 'Acompte', 50000, 1, 0, -50000, 0, 0),
	(1466, 1, 67, 90, 'NET A PAYER ', 0, 0, 0, 158798, 0, 0),
	(1467, 1, 68, 1, 'Salaire de base', 946.81, 80, 0, 75745, 0, 0),
	(1468, 1, 68, 2, 'Jour férié / chômé ', 946.81, 8, 0, 7574, 0, 0),
	(1469, 1, 68, 7, 'Heures de nuit à 25%', 946.81, 84, 125, 99415, 0, 0),
	(1470, 1, 68, 76, 'ASSIETTE C.E.S.', 0, 0, 0, 182734, 0, 0),
	(1471, 1, 68, 43, 'Indemnité de congés payés ', 182733, 0, 10, 18273, 0, 0),
	(1472, 1, 68, 50, 'BRUT SOUMIS A COTISATIONS ', 0, 0, 0, 201007, 0, 0),
	(1473, 1, 68, 55, 'SALAIRE BRUT ', 0, 0, 0, 201007, 0, 0),
	(1474, 1, 68, 56, 'Cotisations CAFAT ', 201007, 0, 4.54, -9126, 17.71, -35598),
	(1475, 1, 68, 57, 'COTISATION CAFAT RUAMM Tranche 1 ', 201007, 0, 3.85, -7739, 11.3, -22714),
	(1476, 1, 68, 58, 'COTISATION CAFAT RUAMM Tranche 2 ', 0, 0, 1.25, 0, 3.75, 0),
	(1477, 1, 68, 64, 'Formation Professionnelle Continue ', 201007, 0, 0, 0, 0.7, -1407),
	(1478, 1, 68, 65, 'Fond Social de l\'Habitat ', 201007, 0, 0, 0, 2, -4020),
	(1479, 1, 68, 66, 'CCS ', 201007, 0, 1, -2010, 0, 0),
	(1480, 1, 68, 71, 'C.R.E. Tranche 1 - non cadre ', 201007, 0, 3.1, -6231, 4.65, -9347),
	(1481, 1, 68, 72, 'AGFF Tranche 1 ', 201007, 0, 0.8, -1608, 1.2, -2412),
	(1482, 1, 68, 75, 'C.R.E. Tranche 2 - non cadre ', 0, 0, 8.1, 0, 12.15, 0),
	(1483, 1, 68, 77, 'TOTAL DES RETENUES SUR LE BRUT ', 0, 0, 0, -26714, 0, -81287),
	(1484, 1, 68, 78, 'NET IMPOSABLE ', 0, 0, 0, 174293, 0, 0),
	(1485, 1, 68, 83, 'Acompte', 50000, 1, 0, -50000, 0, 0),
	(1486, 1, 68, 90, 'NET A PAYER ', 0, 0, 0, 124293, 0, 0),
	(1487, 1, 69, 1, 'Salaire de base', 904.804, 153, 0, 138435, 0, 0),
	(1488, 1, 69, 11, 'Heures majorées à 25%', 904.804, 16, 125, 18096, 0, 0),
	(1489, 11, 69, 29, 'Repos compensateur payé 20%', 904.804, 1.4, 20, 253, 0, 0),
	(1490, 1, 69, 76, 'ASSIETTE C.E.S.', 0, 0, 0, 156784, 0, 0),
	(1491, 1, 69, 41, 'Prime de salissure ', 1000, 19, 0, 19000, 0, 0),
	(1492, 1, 69, 43, 'Indemnité de congés payés ', 156784, 0, 10, 15678, 0, 0),
	(1493, 1, 69, 44, 'Indemnité de précarité ', 1034650, 0, 15, 155198, 0, 0),
	(1494, 1, 69, 47, 'Prime de panier ', 100, 12, 0, 1200, 0, 0),
	(1495, 1, 69, 50, 'BRUT SOUMIS A COTISATIONS ', 0, 0, 0, 347860, 0, 0),
	(1496, 1, 69, 52, 'Prime de panier ', 905, 12, 0, 10860, 0, 0),
	(1497, 1, 69, 55, 'SALAIRE BRUT ', 0, 0, 0, 358720, 0, 0),
	(1498, 1, 69, 56, 'Cotisations CAFAT ', 347860, 0, 4.54, -15793, 17.71, -61606),
	(1499, 1, 69, 57, 'COTISATION CAFAT RUAMM Tranche 1 ', 347860, 0, 3.85, -13393, 11.3, -39308),
	(1500, 1, 69, 58, 'COTISATION CAFAT RUAMM Tranche 2 ', 0, 0, 1.25, 0, 3.75, 0),
	(1501, 1, 69, 62, 'Accident du travail ', 347860, 0, 0, 0, 3.6, -12523),
	(1502, 1, 69, 64, 'Formation Professionnelle Continue ', 347860, 0, 0, 0, 0.7, -2435),
	(1503, 1, 69, 65, 'Fond Social de l\'Habitat ', 299500, 0, 0, 0, 2, -5990),
	(1504, 1, 69, 66, 'CCS ', 347860, 0, 1, -3479, 0, 0),
	(1505, 1, 69, 71, 'C.R.E. Tranche 1 - non cadre ', 347860, 0, 3.1, -10784, 4.65, -16175),
	(1506, 1, 69, 72, 'AGFF Tranche 1 ', 347860, 0, 0.8, -2783, 1.2, -4174),
	(1507, 1, 69, 75, 'C.R.E. Tranche 2 - non cadre ', 0, 0, 8.1, 0, 12.15, 0),
	(1508, 1, 69, 77, 'TOTAL DES RETENUES SUR LE BRUT ', 0, 0, 0, -46232, 0, -142211),
	(1509, 1, 69, 78, 'NET IMPOSABLE ', 0, 0, 0, 146430, 0, 0),
	(1510, 1, 69, 90, 'NET A PAYER ', 0, 0, 0, 312488, 0, 0),
	(1511, 1, 70, 1, 'Salaire de base', 904.804, 164, 0, 148388, 0, 0),
	(1512, 1, 70, 11, 'Heures majorées à 25%', 904.804, 7, 125, 7917, 0, 0),
	(1513, 1, 70, 76, 'ASSIETTE C.E.S.', 0, 0, 0, 156305, 0, 0),
	(1514, 1, 70, 41, 'Prime de salissure ', 1000, 21, 0, 21000, 0, 0),
	(1515, 1, 70, 43, 'Indemnité de congés payés ', 156305, 0, 10, 15631, 0, 0),
	(1516, 1, 70, 47, 'Prime de panier ', 100, 15, 0, 1500, 0, 0),
	(1517, 1, 70, 50, 'BRUT SOUMIS A COTISATIONS ', 0, 0, 0, 194436, 0, 0),
	(1518, 1, 70, 52, 'Prime de panier ', 905, 15, 0, 13575, 0, 0),
	(1519, 1, 70, 55, 'SALAIRE BRUT ', 0, 0, 0, 208011, 0, 0),
	(1520, 1, 70, 56, 'Cotisations CAFAT ', 194436, 0, 4.54, -8827, 17.71, -34435),
	(1521, 1, 70, 57, 'COTISATION CAFAT RUAMM Tranche 1 ', 194436, 0, 3.85, -7486, 11.3, -21971),
	(1522, 1, 70, 58, 'COTISATION CAFAT RUAMM Tranche 2 ', 0, 0, 1.25, 0, 3.75, 0),
	(1523, 1, 70, 62, 'Accident du travail ', 194436, 0, 0, 0, 3.6, -7000),
	(1524, 1, 70, 64, 'Formation Professionnelle Continue ', 194436, 0, 0, 0, 0.7, -1361),
	(1525, 1, 70, 65, 'Fond Social de l\'Habitat ', 194436, 0, 0, 0, 2, -3889),
	(1526, 1, 70, 66, 'CCS ', 194436, 0, 1, -1944, 0, 0),
	(1527, 1, 70, 71, 'C.R.E. Tranche 1 - non cadre ', 194436, 0, 3.1, -6028, 4.65, -9041),
	(1528, 1, 70, 72, 'AGFF Tranche 1 ', 194436, 0, 0.8, -1555, 1.2, -2333),
	(1529, 1, 70, 75, 'C.R.E. Tranche 2 - non cadre ', 0, 0, 8.1, 0, 12.15, 0),
	(1530, 1, 70, 77, 'TOTAL DES RETENUES SUR LE BRUT ', 0, 0, 0, -25840, 0, -80030),
	(1531, 1, 70, 78, 'NET IMPOSABLE ', 0, 0, 0, 168596, 0, 0),
	(1532, 1, 70, 83, 'Acompte', 25000, 1, 0, -25000, 0, 0),
	(1533, 1, 70, 90, 'NET A PAYER ', 0, 0, 0, 157171, 0, 0),
	(1534, 1, 71, 1, 'Salaire de base', 904.804, 156, 0, 141149, 0, 0),
	(1535, 1, 71, 11, 'Heures majorées à 25%', 904.804, 27, 125, 30537, 0, 0),
	(1536, 11, 71, 29, 'Repos compensateur payé 20%', 904.804, 3, 20, 543, 0, 0),
	(1537, 1, 71, 76, 'ASSIETTE C.E.S.', 0, 0, 0, 172229, 0, 0),
	(1538, 1, 71, 41, 'Prime de salissure ', 1000, 20, 0, 20000, 0, 0),
	(1539, 1, 71, 43, 'Indemnité de congés payés ', 172229, 0, 10, 17223, 0, 0),
	(1540, 1, 71, 47, 'Prime de panier ', 100, 20, 0, 2000, 0, 0),
	(1541, 1, 71, 50, 'BRUT SOUMIS A COTISATIONS ', 0, 0, 0, 211452, 0, 0),
	(1542, 1, 71, 52, 'Prime de panier ', 905, 20, 0, 18100, 0, 0),
	(1543, 1, 71, 55, 'SALAIRE BRUT ', 0, 0, 0, 229552, 0, 0),
	(1544, 1, 71, 56, 'Cotisations CAFAT ', 211452, 0, 4.54, -9600, 17.71, -37448),
	(1545, 1, 71, 57, 'COTISATION CAFAT RUAMM Tranche 1 ', 211452, 0, 3.85, -8141, 11.3, -23894),
	(1546, 1, 71, 58, 'COTISATION CAFAT RUAMM Tranche 2 ', 0, 0, 1.25, 0, 3.75, 0),
	(1547, 1, 71, 62, 'Accident du travail ', 211452, 0, 0, 0, 3.6, -7612),
	(1548, 1, 71, 64, 'Formation Professionnelle Continue ', 211452, 0, 0, 0, 0.7, -1480),
	(1549, 1, 71, 65, 'Fond Social de l\'Habitat ', 211452, 0, 0, 0, 2, -4229),
	(1550, 1, 71, 66, 'CCS ', 211452, 0, 1, -2115, 0, 0),
	(1551, 1, 71, 71, 'C.R.E. Tranche 1 - non cadre ', 211452, 0, 3.1, -6555, 4.65, -9833),
	(1552, 1, 71, 72, 'AGFF Tranche 1 ', 211452, 0, 0.8, -1692, 1.2, -2537),
	(1553, 1, 71, 75, 'C.R.E. Tranche 2 - non cadre ', 0, 0, 8.1, 0, 12.15, 0),
	(1554, 1, 71, 77, 'TOTAL DES RETENUES SUR LE BRUT ', 0, 0, 0, -28103, 0, -87033),
	(1555, 1, 71, 78, 'NET IMPOSABLE ', 0, 0, 0, 183349, 0, 0),
	(1556, 1, 71, 86, 'Avance sur frais ', 2800, 1, 0, -2800, 0, 0),
	(1557, 1, 71, 90, 'NET A PAYER ', 0, 0, 0, 198649, 0, 0),
	(1558, 1, 72, 1, 'Salaire de base', 904.804, 166, 0, 150197, 0, 0),
	(1559, 1, 72, 11, 'Heures majorées à 25%', 904.804, 17, 125, 19227, 0, 0),
	(1560, 11, 72, 29, 'Repos compensateur payé 20%', 904.804, 1.6, 20, 290, 0, 0),
	(1561, 1, 72, 76, 'ASSIETTE C.E.S.', 0, 0, 0, 169714, 0, 0),
	(1562, 1, 72, 41, 'Prime de salissure ', 1000, 21, 0, 21000, 0, 0),
	(1563, 1, 72, 43, 'Indemnité de congés payés ', 169713, 0, 10, 16971, 0, 0),
	(1564, 1, 72, 47, 'Prime de panier ', 100, 19, 0, 1900, 0, 0),
	(1565, 1, 72, 50, 'BRUT SOUMIS A COTISATIONS ', 0, 0, 0, 209585, 0, 0),
	(1566, 1, 72, 52, 'Prime de panier ', 905, 19, 0, 17195, 0, 0),
	(1567, 1, 72, 55, 'SALAIRE BRUT ', 0, 0, 0, 226780, 0, 0),
	(1568, 1, 72, 56, 'Cotisations CAFAT ', 209585, 0, 4.54, -9515, 17.71, -37118),
	(1569, 1, 72, 57, 'COTISATION CAFAT RUAMM Tranche 1 ', 209585, 0, 3.85, -8069, 11.3, -23683),
	(1570, 1, 72, 58, 'COTISATION CAFAT RUAMM Tranche 2 ', 0, 0, 1.25, 0, 3.75, 0),
	(1571, 1, 72, 62, 'Accident du travail ', 209585, 0, 0, 0, 3.6, -7545),
	(1572, 1, 72, 64, 'Formation Professionnelle Continue ', 209585, 0, 0, 0, 0.7, -1467),
	(1573, 1, 72, 65, 'Fond Social de l\'Habitat ', 209585, 0, 0, 0, 2, -4192),
	(1574, 1, 72, 66, 'CCS ', 209585, 0, 1, -2096, 0, 0),
	(1575, 1, 72, 71, 'C.R.E. Tranche 1 - non cadre ', 209585, 0, 3.1, -6497, 4.65, -9746),
	(1576, 1, 72, 72, 'AGFF Tranche 1 ', 209585, 0, 0.8, -1677, 1.2, -2515),
	(1577, 1, 72, 75, 'C.R.E. Tranche 2 - non cadre ', 0, 0, 8.1, 0, 12.15, 0),
	(1578, 1, 72, 77, 'TOTAL DES RETENUES SUR LE BRUT ', 0, 0, 0, -27854, 0, -86266),
	(1579, 1, 72, 78, 'NET IMPOSABLE ', 0, 0, 0, 181731, 0, 0),
	(1580, 1, 72, 83, 'Acompte', 15000, 1, 0, -15000, 0, 0),
	(1581, 1, 72, 86, 'Avance sur frais ', 2800, 1, 0, -2800, 0, 0),
	(1582, 1, 72, 90, 'NET A PAYER ', 0, 0, 0, 181126, 0, 0),
	(1583, 1, 73, 1, 'Salaire de base', 912.734, 171, 0, 156078, 0, 0),
	(1584, 1, 73, 76, 'ASSIETTE C.E.S.', 0, 0, 0, 156078, 0, 0),
	(1585, 1, 73, 43, 'Indemnité de congés payés ', 156079, 0, 10, 15608, 0, 0),
	(1586, 1, 73, 50, 'BRUT SOUMIS A COTISATIONS ', 0, 0, 0, 171686, 0, 0),
	(1587, 1, 73, 55, 'SALAIRE BRUT ', 0, 0, 0, 171686, 0, 0),
	(1588, 1, 73, 56, 'Cotisations CAFAT ', 171686, 0, 4.54, -7795, 17.71, -30406),
	(1589, 1, 73, 57, 'COTISATION CAFAT RUAMM Tranche 1 ', 171686, 0, 3.85, -6610, 11.3, -19401),
	(1590, 1, 73, 58, 'COTISATION CAFAT RUAMM Tranche 2 ', 0, 0, 1.25, 0, 3.75, 0),
	(1591, 1, 73, 62, 'Accident du travail ', 171686, 0, 0, 0, 2.88, -4945),
	(1592, 1, 73, 64, 'Formation Professionnelle Continue ', 171686, 0, 0, 0, 0.7, -1202),
	(1593, 1, 73, 65, 'Fond Social de l\'Habitat ', 171686, 0, 0, 0, 2, -3434),
	(1594, 1, 73, 66, 'CCS ', 171686, 0, 1, -1717, 0, 0),
	(1595, 1, 73, 71, 'C.R.E. Tranche 1 - non cadre ', 171686, 0, 3.1, -5322, 4.65, -7983),
	(1596, 1, 73, 72, 'AGFF Tranche 1 ', 171686, 0, 0.8, -1373, 1.2, -2060),
	(1597, 1, 73, 75, 'C.R.E. Tranche 2 - non cadre ', 0, 0, 8.1, 0, 12.15, 0),
	(1598, 1, 73, 77, 'TOTAL DES RETENUES SUR LE BRUT ', 0, 0, 0, -22817, 0, -69431),
	(1599, 1, 73, 78, 'NET IMPOSABLE ', 0, 0, 0, 148869, 0, 0),
	(1600, 1, 73, 83, 'Acompte', 50000, 1, 0, -50000, 0, 0),
	(1601, 1, 73, 90, 'NET A PAYER ', 0, 0, 0, 98869, 0, 0),
	(1602, 1, 74, 1, 'Salaire de base', 946.81, 171, 0, 161905, 0, 0),
	(1603, 1, 74, 76, 'ASSIETTE C.E.S.', 0, 0, 0, 161905, 0, 0),
	(1604, 1, 74, 43, 'Indemnité de congés payés ', 161906, 0, 10, 16191, 0, 0),
	(1605, 1, 74, 50, 'BRUT SOUMIS A COTISATIONS ', 0, 0, 0, 178096, 0, 0),
	(1606, 1, 74, 55, 'SALAIRE BRUT ', 0, 0, 0, 178096, 0, 0),
	(1607, 1, 74, 56, 'Cotisations CAFAT ', 178096, 0, 4.54, -8086, 17.71, -31541),
	(1608, 1, 74, 57, 'COTISATION CAFAT RUAMM Tranche 1 ', 178096, 0, 3.85, -6857, 11.3, -20125),
	(1609, 1, 74, 58, 'COTISATION CAFAT RUAMM Tranche 2 ', 0, 0, 1.25, 0, 3.75, 0),
	(1610, 1, 74, 62, 'Accident du travail ', 178096, 0, 0, 0, 2.88, -5129),
	(1611, 1, 74, 64, 'Formation Professionnelle Continue ', 178096, 0, 0, 0, 0.7, -1247),
	(1612, 1, 74, 65, 'Fond Social de l\'Habitat ', 178096, 0, 0, 0, 2, -3562),
	(1613, 1, 74, 66, 'CCS ', 178096, 0, 1, -1781, 0, 0),
	(1614, 1, 74, 71, 'C.R.E. Tranche 1 - non cadre ', 178096, 0, 3.1, -5521, 4.65, -8281),
	(1615, 1, 74, 72, 'AGFF Tranche 1 ', 178096, 0, 0.8, -1425, 1.2, -2137),
	(1616, 1, 74, 75, 'C.R.E. Tranche 2 - non cadre ', 0, 0, 8.1, 0, 12.15, 0),
	(1617, 1, 74, 77, 'TOTAL DES RETENUES SUR LE BRUT ', 0, 0, 0, -23670, 0, -72022),
	(1618, 1, 74, 78, 'NET IMPOSABLE ', 0, 0, 0, 154426, 0, 0),
	(1619, 1, 74, 90, 'NET A PAYER ', 0, 0, 0, 154426, 0, 0),
	(1620, 1, 75, 1, 'Salaire de base', 904.804, 171, 0, 154721, 0, 0),
	(1621, 1, 75, 11, 'Heures majorées à 25%', 904.804, 9, 125, 10179, 0, 0),
	(1622, 11, 75, 29, 'Repos compensateur payé 20%', 904.804, 0.2, 20, 36, 0, 0),
	(1623, 1, 75, 76, 'ASSIETTE C.E.S.', 0, 0, 0, 164936, 0, 0),
	(1624, 1, 75, 41, 'Prime de salissure ', 1000, 21, 0, 21000, 0, 0),
	(1625, 1, 75, 43, 'Indemnité de congés payés ', 164936, 0, 10, 16494, 0, 0),
	(1626, 1, 75, 47, 'Prime de panier ', 100, 19, 0, 1900, 0, 0),
	(1627, 1, 75, 50, 'BRUT SOUMIS A COTISATIONS ', 0, 0, 0, 204330, 0, 0),
	(1628, 1, 75, 52, 'Prime de panier ', 905, 19, 0, 17195, 0, 0),
	(1629, 1, 75, 55, 'SALAIRE BRUT ', 0, 0, 0, 221525, 0, 0),
	(1630, 1, 75, 56, 'Cotisations CAFAT ', 204330, 0, 4.54, -9277, 17.3, -35349),
	(1631, 1, 75, 57, 'COTISATION CAFAT RUAMM Tranche 1 ', 204330, 0, 3.85, -7867, 11.67, -23845),
	(1632, 1, 75, 58, 'COTISATION CAFAT RUAMM Tranche 2 ', 0, 0, 1.25, 0, 3.75, 0),
	(1633, 1, 75, 62, 'Accident du travail ', 204330, 0, 0, 0, 3.6, -7356),
	(1634, 1, 75, 64, 'Formation Professionnelle Continue ', 204330, 0, 0, 0, 0.7, -1430),
	(1635, 1, 75, 65, 'Fond Social de l\'Habitat ', 204330, 0, 0, 0, 2, -4087),
	(1636, 1, 75, 66, 'CCS ', 204330, 0, 1, -2043, 0, 0),
	(1637, 1, 75, 71, 'C.R.E. Tranche 1 - non cadre ', 204330, 0, 3.1, -6334, 4.65, -9501),
	(1638, 1, 75, 72, 'AGFF Tranche 1 ', 204330, 0, 0.8, -1635, 1.2, -2452),
	(1639, 1, 75, 75, 'C.R.E. Tranche 2 - non cadre ', 0, 0, 8.1, 0, 12.15, 0),
	(1640, 1, 75, 77, 'TOTAL DES RETENUES SUR LE BRUT ', 0, 0, 0, -27156, 0, -84020),
	(1641, 1, 75, 78, 'NET IMPOSABLE ', 0, 0, 0, 177174, 0, 0),
	(1642, 1, 75, 90, 'NET A PAYER ', 0, 0, 0, 194369, 0, 0),
	(1643, 1, 76, 1, 'Salaire de base', 904.804, 171, 0, 154721, 0, 0),
	(1644, 1, 76, 11, 'Heures majorées à 25%', 904.804, 9, 125, 10179, 0, 0),
	(1645, 11, 76, 29, 'Repos compensateur payé 20%', 904.804, 0.4, 20, 72, 0, 0),
	(1646, 1, 76, 76, 'ASSIETTE C.E.S.', 0, 0, 0, 164972, 0, 0),
	(1647, 1, 76, 41, 'Prime de salissure ', 1000, 21, 0, 21000, 0, 0),
	(1648, 1, 76, 43, 'Indemnité de congés payés ', 164972, 0, 10, 16497, 0, 0),
	(1649, 1, 76, 47, 'Prime de panier ', 100, 21, 0, 2100, 0, 0),
	(1650, 1, 76, 50, 'BRUT SOUMIS A COTISATIONS ', 0, 0, 0, 204569, 0, 0),
	(1651, 1, 76, 52, 'Prime de panier ', 905, 21, 0, 19005, 0, 0),
	(1652, 1, 76, 55, 'SALAIRE BRUT ', 0, 0, 0, 223574, 0, 0),
	(1653, 1, 76, 56, 'Cotisations CAFAT ', 204569, 0, 4.54, -9287, 17.3, -35390),
	(1654, 1, 76, 57, 'COTISATION CAFAT RUAMM Tranche 1 ', 204569, 0, 3.85, -7876, 11.67, -23873),
	(1655, 1, 76, 58, 'COTISATION CAFAT RUAMM Tranche 2 ', 0, 0, 1.25, 0, 3.75, 0),
	(1656, 1, 76, 62, 'Accident du travail ', 204569, 0, 0, 0, 3.6, -7364),
	(1657, 1, 76, 64, 'Formation Professionnelle Continue ', 204569, 0, 0, 0, 0.7, -1432),
	(1658, 1, 76, 65, 'Fond Social de l\'Habitat ', 204569, 0, 0, 0, 2, -4091),
	(1659, 1, 76, 66, 'CCS ', 204569, 0, 1, -2046, 0, 0),
	(1660, 1, 76, 71, 'C.R.E. Tranche 1 - non cadre ', 204569, 0, 3.1, -6342, 4.65, -9512),
	(1661, 1, 76, 72, 'AGFF Tranche 1 ', 204569, 0, 0.8, -1637, 1.2, -2455),
	(1662, 1, 76, 75, 'C.R.E. Tranche 2 - non cadre ', 0, 0, 8.1, 0, 12.15, 0),
	(1663, 1, 76, 77, 'TOTAL DES RETENUES SUR LE BRUT ', 0, 0, 0, -27188, 0, -84117),
	(1664, 1, 76, 78, 'NET IMPOSABLE ', 0, 0, 0, 177381, 0, 0),
	(1665, 1, 76, 83, 'Acompte', 15000, 1, 0, -15000, 0, 0),
	(1666, 1, 76, 90, 'NET A PAYER ', 0, 0, 0, 181386, 0, 0),
	(1667, 1, 77, 1, 'Salaire de base', 912.734, 157, 0, 143299, 0, 0),
	(1668, 1, 77, 2, 'Jour férié / chômé ', 912.734, 15, 0, 13691, 0, 0),
	(1669, 1, 77, 11, 'Heures majorées à 25%', 912.734, 3, 125, 3423, 0, 0),
	(1670, 1, 77, 76, 'ASSIETTE C.E.S.', 0, 0, 0, 160413, 0, 0),
	(1671, 1, 77, 43, 'Indemnité de congés payés ', 160414, 0, 10, 16041, 0, 0),
	(1672, 1, 77, 50, 'BRUT SOUMIS A COTISATIONS ', 0, 0, 0, 176454, 0, 0),
	(1673, 1, 77, 55, 'SALAIRE BRUT ', 0, 0, 0, 176454, 0, 0),
	(1674, 1, 77, 56, 'Cotisations CAFAT ', 176454, 0, 4.54, -8011, 17.3, -30527),
	(1675, 1, 77, 57, 'COTISATION CAFAT RUAMM Tranche 1 ', 176454, 0, 3.85, -6793, 11.67, -20592),
	(1676, 1, 77, 58, 'COTISATION CAFAT RUAMM Tranche 2 ', 0, 0, 1.25, 0, 3.75, 0),
	(1677, 1, 77, 62, 'Accident du travail ', 176454, 0, 0, 0, 2.88, -5082),
	(1678, 1, 77, 64, 'Formation Professionnelle Continue ', 176454, 0, 0, 0, 0.7, -1235),
	(1679, 1, 77, 65, 'Fond Social de l\'Habitat ', 176454, 0, 0, 0, 2, -3529),
	(1680, 1, 77, 66, 'CCS ', 176454, 0, 1, -1765, 0, 0),
	(1681, 1, 77, 71, 'C.R.E. Tranche 1 - non cadre ', 176454, 0, 3.1, -5470, 4.65, -8205),
	(1682, 1, 77, 72, 'AGFF Tranche 1 ', 176454, 0, 0.8, -1412, 1.2, -2117),
	(1683, 1, 77, 75, 'C.R.E. Tranche 2 - non cadre ', 0, 0, 8.1, 0, 12.15, 0),
	(1684, 1, 77, 77, 'TOTAL DES RETENUES SUR LE BRUT ', 0, 0, 0, -23451, 0, -71287),
	(1685, 1, 77, 78, 'NET IMPOSABLE ', 0, 0, 0, 153003, 0, 0),
	(1686, 1, 77, 90, 'NET A PAYER ', 0, 0, 0, 153003, 0, 0),
	(1687, 1, 78, 62, 'Accident du travail ', 206365, 0, 0, 0, 3.6, -7429),
	(1688, 1, 78, 64, 'Formation Professionnelle Continue ', 206365, 0, 0, 0, 0.7, -1445),
	(1689, 1, 78, 65, 'Fond Social de l\'Habitat ', 206365, 0, 0, 0, 2, -4127),
	(1690, 1, 78, 66, 'CCS ', 206365, 0, 1, -2064, 0, 0),
	(1691, 1, 78, 71, 'C.R.E. Tranche 1 - non cadre ', 206365, 0, 3.1, -6397, 4.65, -9596),
	(1692, 1, 78, 72, 'AGFF Tranche 1 ', 206365, 0, 0.8, -1651, 1.2, -2476),
	(1693, 1, 78, 75, 'C.R.E. Tranche 2 - non cadre ', 0, 0, 8.1, 0, 12.15, 0),
	(1694, 1, 78, 77, 'TOTAL DES RETENUES SUR LE BRUT ', 0, 0, 0, -27426, 0, -84857),
	(1695, 1, 78, 78, 'NET IMPOSABLE ', 0, 0, 0, 178939, 0, 0),
	(1696, 1, 78, 83, 'Acompte', 20000, 1, 0, -20000, 0, 0),
	(1697, 1, 78, 90, 'NET A PAYER ', 0, 0, 0, 176134, 0, 0),
	(1698, 1, 78, 1, 'Salaire de base', 904.804, 167, 0, 151102, 0, 0),
	(1699, 1, 78, 11, 'Heures majorées à 25%', 904.804, 13, 125, 14703, 0, 0),
	(1700, 11, 78, 29, 'Repos compensateur payé 20%', 904.804, 0.4, 20, 72, 0, 0),
	(1701, 1, 78, 76, 'ASSIETTE C.E.S.', 0, 0, 0, 165877, 0, 0),
	(1702, 1, 78, 41, 'Prime de salissure ', 1000, 22, 0, 22000, 0, 0),
	(1703, 1, 78, 43, 'Indemnité de congés payés ', 165877, 0, 10, 16588, 0, 0),
	(1704, 1, 78, 47, 'Prime de panier ', 100, 19, 0, 1900, 0, 0),
	(1705, 1, 78, 50, 'BRUT SOUMIS A COTISATIONS ', 0, 0, 0, 206365, 0, 0),
	(1706, 1, 78, 52, 'Prime de panier ', 905, 19, 0, 17195, 0, 0),
	(1707, 1, 78, 55, 'SALAIRE BRUT ', 0, 0, 0, 223560, 0, 0),
	(1708, 1, 78, 56, 'Cotisations CAFAT ', 206365, 0, 4.54, -9369, 17.3, -35701),
	(1709, 1, 78, 57, 'COTISATION CAFAT RUAMM Tranche 1 ', 206365, 0, 3.85, -7945, 11.67, -24083),
	(1710, 1, 78, 58, 'COTISATION CAFAT RUAMM Tranche 2 ', 0, 0, 1.25, 0, 3.75, 0),
	(1711, 1, 79, 62, 'Accident du travail ', 212696, 0, 0, 0, 3.6, -7657),
	(1712, 1, 79, 64, 'Formation Professionnelle Continue ', 212696, 0, 0, 0, 0.7, -1489),
	(1713, 1, 79, 65, 'Fond Social de l\'Habitat ', 212696, 0, 0, 0, 2, -4254),
	(1714, 1, 79, 66, 'CCS ', 212696, 0, 1, -2127, 0, 0),
	(1715, 1, 79, 71, 'C.R.E. Tranche 1 - non cadre ', 212696, 0, 3.1, -6594, 4.65, -9890),
	(1716, 1, 79, 72, 'AGFF Tranche 1 ', 212696, 0, 0.8, -1702, 1.2, -2552),
	(1717, 1, 79, 75, 'C.R.E. Tranche 2 - non cadre ', 0, 0, 8.1, 0, 12.15, 0),
	(1718, 1, 79, 77, 'TOTAL DES RETENUES SUR LE BRUT ', 0, 0, 0, -28268, 0, -87460),
	(1719, 1, 79, 78, 'NET IMPOSABLE ', 0, 0, 0, 184428, 0, 0),
	(1720, 1, 79, 83, 'Acompte', 50000, 1, 0, -50000, 0, 0),
	(1721, 1, 79, 90, 'NET A PAYER ', 0, 0, 0, 153433, 0, 0),
	(1722, 1, 79, 1, 'Salaire de base', 904.804, 168, 0, 152007, 0, 0),
	(1723, 1, 79, 11, 'Heures majorées à 25%', 904.804, 17, 125, 19227, 0, 0),
	(1724, 11, 79, 29, 'Repos compensateur payé 20%', 904.804, 1.2, 20, 217, 0, 0),
	(1725, 1, 79, 76, 'ASSIETTE C.E.S.', 0, 0, 0, 171451, 0, 0),
	(1726, 1, 79, 41, 'Prime de salissure ', 1000, 22, 0, 22000, 0, 0),
	(1727, 1, 79, 43, 'Indemnité de congés payés ', 171450, 0, 10, 17145, 0, 0),
	(1728, 1, 79, 47, 'Prime de panier ', 100, 21, 0, 2100, 0, 0),
	(1729, 1, 79, 50, 'BRUT SOUMIS A COTISATIONS ', 0, 0, 0, 212696, 0, 0),
	(1730, 1, 79, 52, 'Prime de panier ', 905, 21, 0, 19005, 0, 0),
	(1731, 1, 79, 55, 'SALAIRE BRUT ', 0, 0, 0, 231701, 0, 0),
	(1732, 1, 79, 56, 'Cotisations CAFAT ', 212696, 0, 4.54, -9656, 17.3, -36796),
	(1733, 1, 79, 57, 'COTISATION CAFAT RUAMM Tranche 1 ', 212696, 0, 3.85, -8189, 11.67, -24822),
	(1734, 1, 79, 58, 'COTISATION CAFAT RUAMM Tranche 2 ', 0, 0, 1.25, 0, 3.75, 0),
	(1735, 1, 80, 62, 'Accident du travail ', 252624, 0, 0, 0, 2.88, -7276),
	(1736, 1, 80, 64, 'Formation Professionnelle Continue ', 252624, 0, 0, 0, 0.7, -1768),
	(1737, 1, 80, 65, 'Fond Social de l\'Habitat ', 252624, 0, 0, 0, 2, -5052),
	(1738, 1, 80, 66, 'CCS ', 252624, 0, 1, -2526, 0, 0),
	(1739, 1, 80, 71, 'C.R.E. Tranche 1 - non cadre ', 252624, 0, 3.1, -7831, 4.65, -11747),
	(1740, 1, 80, 72, 'AGFF Tranche 1 ', 252624, 0, 0.8, -2021, 1.2, -3031),
	(1741, 1, 80, 75, 'C.R.E. Tranche 2 - non cadre ', 0, 0, 8.1, 0, 12.15, 0),
	(1742, 1, 80, 77, 'TOTAL DES RETENUES SUR LE BRUT ', 0, 0, 0, -33573, 0, -102059),
	(1743, 1, 80, 78, 'NET IMPOSABLE ', 0, 0, 0, 166891, 0, 0),
	(1744, 1, 80, 83, 'Acompte', 50000, 1, 0, -50000, 0, 0),
	(1745, 1, 80, 90, 'NET A PAYER ', 0, 0, 0, 169051, 0, 0),
	(1746, 1, 80, 1, 'Salaire de base', 1065.733, 171, 0, 182240, 0, 0),
	(1747, 1, 80, 76, 'ASSIETTE C.E.S.', 0, 0, 0, 182240, 0, 0),
	(1748, 1, 80, 43, 'Indemnité de congés payés ', 182242, 0, 10, 18224, 0, 0),
	(1749, 1, 80, 44, 'Indemnité de précarité ', 347731, 0, 15, 52160, 0, 0),
	(1750, 1, 80, 50, 'BRUT SOUMIS A COTISATIONS ', 0, 0, 0, 252624, 0, 0),
	(1751, 1, 80, 55, 'SALAIRE BRUT ', 0, 0, 0, 252624, 0, 0),
	(1752, 1, 80, 56, 'Cotisations CAFAT ', 252624, 0, 4.54, -11469, 17.3, -43704),
	(1753, 1, 80, 57, 'COTISATION CAFAT RUAMM Tranche 1 ', 252624, 0, 3.85, -9726, 11.67, -29481),
	(1754, 1, 80, 58, 'COTISATION CAFAT RUAMM Tranche 2 ', 0, 0, 1.25, 0, 3.75, 0),
	(1755, 1, 81, 62, 'Accident du travail ', 270895, 0, 0, 0, 2.88, -7802),
	(1756, 1, 81, 64, 'Formation Professionnelle Continue ', 270895, 0, 0, 0, 0.7, -1896),
	(1757, 1, 81, 65, 'Fond Social de l\'Habitat ', 270895, 0, 0, 0, 2, -5418),
	(1758, 1, 81, 66, 'CCS ', 270895, 0, 1, -2709, 0, 0),
	(1759, 1, 81, 71, 'C.R.E. Tranche 1 - non cadre ', 270895, 0, 3.1, -8398, 4.65, -12597),
	(1760, 1, 81, 72, 'AGFF Tranche 1 ', 270895, 0, 0.8, -2167, 1.2, -3251),
	(1761, 1, 81, 75, 'C.R.E. Tranche 2 - non cadre ', 0, 0, 8.1, 0, 12.15, 0),
	(1762, 1, 81, 77, 'TOTAL DES RETENUES SUR LE BRUT ', 0, 0, 0, -36002, 0, -109442),
	(1763, 1, 81, 78, 'NET IMPOSABLE ', 0, 0, 0, 135684, 0, 0),
	(1764, 1, 81, 83, 'Acompte', 30000, 1, 0, -30000, 0, 0),
	(1765, 1, 81, 90, 'NET A PAYER ', 0, 0, 0, 204893, 0, 0),
	(1766, 1, 81, 1, 'Salaire de base', 912.734, 171, 0, 156078, 0, 0),
	(1767, 1, 81, 76, 'ASSIETTE C.E.S.', 0, 0, 0, 156078, 0, 0),
	(1768, 1, 81, 43, 'Indemnité de congés payés ', 156079, 0, 10, 15608, 0, 0),
	(1769, 1, 81, 44, 'Indemnité de précarité ', 661392, 0, 15, 99209, 0, 0),
	(1770, 1, 81, 50, 'BRUT SOUMIS A COTISATIONS ', 0, 0, 0, 270895, 0, 0),
	(1771, 1, 81, 55, 'SALAIRE BRUT ', 0, 0, 0, 270895, 0, 0),
	(1772, 1, 81, 56, 'Cotisations CAFAT ', 270895, 0, 4.54, -12299, 17.3, -46865),
	(1773, 1, 81, 57, 'COTISATION CAFAT RUAMM Tranche 1 ', 270895, 0, 3.85, -10429, 11.67, -31613),
	(1774, 1, 81, 58, 'COTISATION CAFAT RUAMM Tranche 2 ', 0, 0, 1.25, 0, 3.75, 0),
	(1775, 1, 82, 1, 'Salaire de base', 904.804, 128, 0, 115815, 0, 0),
	(1776, 1, 82, 11, 'Heures majorées à 25%', 904.804, 24, 125, 27144, 0, 0),
	(1777, 1, 82, 12, 'Heures majorées à 50 %', 904.804, 17, 150, 23073, 0, 0),
	(1778, 1, 82, 26, 'Heure de trajet 100%', 904.804, 7.5, 100, 6786, 0, 0),
	(1779, 11, 82, 29, 'Repos compensateur payé 20%', 904.804, 6.4, 20, 1158, 0, 0),
	(1780, 1, 82, 76, 'ASSIETTE C.E.S.', 0, 0, 0, 173976, 0, 0),
	(1781, 1, 82, 34, 'Prime d\'éloignement ', 6000, 12, 0, 72000, 0, 0),
	(1782, 1, 82, 43, 'Indemnité de congés payés ', 167189, 0, 10, 16719, 0, 0),
	(1783, 1, 82, 50, 'BRUT SOUMIS A COTISATIONS ', 0, 0, 0, 262695, 0, 0),
	(1784, 1, 82, 52, 'Prime de panier ', 907, 5, 0, 4535, 0, 0),
	(1785, 1, 82, 55, 'SALAIRE BRUT ', 0, 0, 0, 267230, 0, 0),
	(1786, 1, 82, 56, 'Cotisations CAFAT ', 262695, 0, 4.54, -11926, 17.3, -45446),
	(1787, 1, 82, 57, 'COTISATION CAFAT RUAMM Tranche 1 ', 262695, 0, 3.85, -10114, 11.67, -30657),
	(1788, 1, 82, 58, 'COTISATION CAFAT RUAMM Tranche 2 ', 0, 0, 1.25, 0, 3.75, 0),
	(1789, 1, 82, 62, 'Accident du travail ', 262695, 0, 0, 0, 3.6, -9457),
	(1790, 1, 82, 64, 'Formation Professionnelle Continue ', 262695, 0, 0, 0, 0.7, -1839),
	(1791, 1, 82, 65, 'Fond Social de l\'Habitat ', 262695, 0, 0, 0, 2, -5254),
	(1792, 1, 82, 66, 'CCS ', 262695, 0, 1, -2627, 0, 0),
	(1793, 1, 82, 71, 'C.R.E. Tranche 1 - non cadre ', 262695, 0, 3.1, -8144, 4.65, -12215),
	(1794, 1, 82, 72, 'AGFF Tranche 1 ', 262695, 0, 0.8, -2102, 1.2, -3152),
	(1795, 1, 82, 75, 'C.R.E. Tranche 2 - non cadre ', 0, 0, 8.1, 0, 12.15, 0),
	(1796, 1, 82, 77, 'TOTAL DES RETENUES SUR LE BRUT ', 0, 0, 0, -34913, 0, -108020),
	(1797, 1, 82, 78, 'NET IMPOSABLE ', 0, 0, 0, 227782, 0, 0),
	(1798, 1, 82, 90, 'NET A PAYER ', 0, 0, 0, 232317, 0, 0),
	(1799, 1, 83, 1, 'Salaire de base', 910.42, 157, 0, 142936, 0, 0),
	(1800, 1, 83, 11, 'Heures majorées à 25%', 910.42, 20, 125, 22760, 0, 0),
	(1801, 1, 83, 12, 'Heures majorées à 50 %', 910.42, 13, 150, 17753, 0, 0),
	(1802, 1, 83, 26, 'Heure de trajet 100%', 910.42, 2.5, 100, 2276, 0, 0),
	(1803, 11, 83, 29, 'Repos compensateur payé 20%', 910.42, 4.8, 20, 874, 0, 0),
	(1804, 1, 83, 46, 'ASSIETTE C.E.S.', 0, 0, 0, 186599, 0, 0),
	(1805, 1, 83, 34, 'Prime d\'éloignement ', 6000, 9, 0, 54000, 0, 0),
	(1806, 1, 83, 43, 'Indemnité de congés payés ', 184323, 0, 10, 18432, 0, 0),
	(1807, 1, 83, 50, 'BRUT SOUMIS A COTISATIONS ', 0, 0, 0, 259031, 0, 0),
	(1808, 1, 83, 52, 'Prime de panier ', 909, 9, 0, 8181, 0, 0),
	(1809, 1, 83, 55, 'SALAIRE BRUT ', 0, 0, 0, 267212, 0, 0),
	(1810, 1, 83, 56, 'Cotisations CAFAT ', 259031, 0, 4.54, -11760, 17.3, -44812),
	(1811, 1, 83, 57, 'COTISATION CAFAT RUAMM Tranche 1 ', 259031, 0, 3.85, -9973, 11.67, -30229),
	(1812, 1, 83, 58, 'COTISATION CAFAT RUAMM Tranche 2 ', 0, 0, 1.25, 0, 3.75, 0),
	(1813, 1, 83, 62, 'Accident du travail ', 259031, 0, 0, 0, 3.6, -9325),
	(1814, 1, 83, 64, 'Formation Professionnelle Continue ', 259031, 0, 0, 0, 0.7, -1813),
	(1815, 1, 83, 65, 'Fond Social de l\'Habitat ', 259031, 0, 0, 0, 2, -5181),
	(1816, 1, 83, 66, 'CCS ', 259031, 0, 1, -2590, 0, 0),
	(1817, 1, 83, 71, 'C.R.E. Tranche 1 - non cadre ', 259031, 0, 3.1, -8030, 4.65, -12045),
	(1818, 1, 83, 72, 'AGFF Tranche 1 ', 259031, 0, 0.8, -2072, 1.2, -3108),
	(1819, 1, 83, 75, 'C.R.E. Tranche 2 - non cadre ', 0, 0, 8.1, 0, 12.15, 0),
	(1820, 1, 83, 77, 'TOTAL DES RETENUES SUR LE BRUT ', 0, 0, 0, -34425, 0, -106513),
	(1821, 1, 83, 78, 'NET IMPOSABLE ', 0, 0, 0, 224606, 0, 0),
	(1822, 1, 83, 90, 'NET A PAYER ', 0, 0, 0, 232787, 0, 0),
	(1823, 1, 85, 43, 'Indemnité de congés payés ', 212465, 0, 10, 21247, 0, 0),
	(1824, 1, 85, 50, 'BRUT SOUMIS A COTISATIONS ', 0, 0, 0, 233711, 0, 0),
	(1825, 1, 85, 55, 'SALAIRE BRUT ', 0, 0, 0, 233711, 0, 0),
	(1826, 1, 85, 56, 'Cotisations CAFAT ', 233711, 0, 4.54, -10610, 17.3, -40432),
	(1827, 1, 85, 57, 'COTISATION CAFAT RUAMM Tranche 1 ', 233711, 0, 3.85, -8998, 11.67, -27274),
	(1828, 1, 85, 58, 'COTISATION CAFAT RUAMM Tranche 2 ', 0, 0, 1.25, 0, 3.75, 0),
	(1829, 1, 85, 62, 'Accident du travail ', 233711, 0, 0, 0, 3.6, -8414),
	(1830, 1, 85, 64, 'Formation Professionnelle Continue ', 233711, 0, 0, 0, 0.7, -1636),
	(1831, 1, 85, 65, 'Fond Social de l\'Habitat ', 233711, 0, 0, 0, 2, -4674),
	(1832, 1, 85, 66, 'CCS ', 233711, 0, 1, -2337, 0, 0),
	(1833, 1, 85, 71, 'C.R.E. Tranche 1 - non cadre ', 233711, 0, 3.1, -7245, 4.65, -10868),
	(1834, 1, 85, 72, 'AGFF Tranche 1 ', 233711, 0, 0.8, -1870, 1.2, -2805),
	(1835, 1, 85, 75, 'C.R.E. Tranche 2 - non cadre ', 0, 0, 8.1, 0, 12.15, 0),
	(1836, 1, 85, 77, 'TOTAL DES RETENUES SUR LE BRUT ', 0, 0, 0, -31060, 0, -96103),
	(1837, 1, 85, 78, 'NET IMPOSABLE ', 0, 0, 0, 202651, 0, 0),
	(1838, 1, 85, 90, 'NET A PAYER ', 0, 0, 0, 202651, 0, 0),
	(1839, 1, 85, 1, 'Salaire de base', 1242.479, 171, 0, 212464, 0, 0),
	(1840, 1, 85, 76, 'ASSIETTE C.E.S.', 0, 0, 0, 212464, 0, 0),
	(1841, 1, 86, 43, 'Indemnité de congés payés ', 230269, 0, 10, 23027, 0, 0),
	(1842, 1, 86, 50, 'BRUT SOUMIS A COTISATIONS ', 0, 0, 0, 253295, 0, 0),
	(1843, 1, 86, 55, 'SALAIRE BRUT ', 0, 0, 0, 253295, 0, 0),
	(1844, 1, 86, 56, 'Cotisations CAFAT ', 253295, 0, 4.54, -11500, 17.3, -43820),
	(1845, 1, 86, 57, 'COTISATION CAFAT RUAMM Tranche 1 ', 253295, 0, 3.85, -9752, 11.67, -29560),
	(1846, 1, 86, 58, 'COTISATION CAFAT RUAMM Tranche 2 ', 0, 0, 1.25, 0, 3.75, 0),
	(1847, 1, 86, 62, 'Accident du travail ', 253295, 0, 0, 0, 3.6, -9119),
	(1848, 1, 86, 64, 'Formation Professionnelle Continue ', 253295, 0, 0, 0, 0.7, -1773),
	(1849, 1, 86, 65, 'Fond Social de l\'Habitat ', 253295, 0, 0, 0, 2, -5066),
	(1850, 1, 86, 66, 'CCS ', 253295, 0, 1, -2533, 0, 0),
	(1851, 1, 86, 71, 'C.R.E. Tranche 1 - non cadre ', 253295, 0, 3.1, -7852, 4.65, -11778),
	(1852, 1, 86, 72, 'AGFF Tranche 1 ', 253295, 0, 0.8, -2026, 1.2, -3040),
	(1853, 1, 86, 75, 'C.R.E. Tranche 2 - non cadre ', 0, 0, 8.1, 0, 12.15, 0),
	(1854, 1, 86, 77, 'TOTAL DES RETENUES SUR LE BRUT ', 0, 0, 0, -33663, 0, -104156),
	(1855, 1, 86, 78, 'NET IMPOSABLE ', 0, 0, 0, 219632, 0, 0),
	(1856, 1, 86, 81, 'Op.salaire n°3030-2017-162006 ', 14017, 1, 0, -14017, 0, 0),
	(1857, 1, 86, 83, 'Acompte', 50000, 1, 0, -50000, 0, 0),
	(1858, 1, 86, 90, 'NET A PAYER ', 0, 0, 0, 155615, 0, 0),
	(1859, 1, 86, 1, 'Salaire de base', 1242.479, 179, 0, 222404, 0, 0),
	(1860, 1, 86, 11, 'Heures majorées à 25%', 1242.479, 5, 125, 7765, 0, 0),
	(1861, 11, 86, 29, 'Repos compensateur payé 20%', 1242.479, 0.4, 20, 99, 0, 0),
	(1862, 1, 86, 76, 'ASSIETTE C.E.S.', 0, 0, 0, 230268, 0, 0),
	(1863, 1, 87, 43, 'Indemnité de congés payés ', 212291, 0, 10, 21229, 0, 0),
	(1864, 1, 87, 50, 'BRUT SOUMIS A COTISATIONS ', 0, 0, 0, 233520, 0, 0),
	(1865, 1, 87, 52, 'Prime de panier ', 909, 22, 0, 19998, 0, 0),
	(1866, 1, 87, 55, 'SALAIRE BRUT ', 0, 0, 0, 253518, 0, 0),
	(1867, 1, 87, 56, 'Cotisations CAFAT ', 233520, 0, 4.54, -10602, 17.3, -40399),
	(1868, 1, 87, 57, 'COTISATION CAFAT RUAMM Tranche 1 ', 233520, 0, 3.85, -8991, 11.67, -27252),
	(1869, 1, 87, 58, 'COTISATION CAFAT RUAMM Tranche 2 ', 0, 0, 1.25, 0, 3.75, 0),
	(1870, 1, 87, 62, 'Accident du travail ', 233520, 0, 0, 0, 3.6, -8407),
	(1871, 1, 87, 64, 'Formation Professionnelle Continue ', 233520, 0, 0, 0, 0.7, -1635),
	(1872, 1, 87, 65, 'Fond Social de l\'Habitat ', 233520, 0, 0, 0, 2, -4670),
	(1873, 1, 87, 66, 'CCS ', 233520, 0, 1, -2335, 0, 0),
	(1874, 1, 87, 71, 'C.R.E. Tranche 1 - non cadre ', 233520, 0, 3.1, -7239, 4.65, -10859),
	(1875, 1, 87, 72, 'AGFF Tranche 1 ', 233520, 0, 0.8, -1868, 1.2, -2802),
	(1876, 1, 87, 75, 'C.R.E. Tranche 2 - non cadre ', 0, 0, 8.1, 0, 12.15, 0),
	(1877, 1, 87, 77, 'TOTAL DES RETENUES SUR LE BRUT ', 0, 0, 0, -31035, 0, -96024),
	(1878, 1, 87, 78, 'NET IMPOSABLE ', 0, 0, 0, 202485, 0, 0),
	(1879, 1, 87, 90, 'NET A PAYER ', 0, 0, 0, 222483, 0, 0),
	(1880, 1, 87, 1, 'Salaire de base', 910.42, 174, 0, 158413, 0, 0),
	(1881, 1, 87, 11, 'Heures majorées à 25%', 910.42, 35, 125, 39831, 0, 0),
	(1882, 1, 87, 12, 'Heures majorées à 50 %', 910.42, 9.5, 150, 12973, 0, 0),
	(1883, 11, 87, 29, 'Repos compensateur payé 20%', 910.42, 5.9, 20, 1074, 0, 0),
	(1884, 1, 87, 76, 'ASSIETTE C.E.S.', 0, 0, 0, 212291, 0, 0),
	(1885, 1, 89, 1, 'Salaire de base', 915.42, 156, 0, 142806, 0, 0),
	(1886, 1, 89, 11, 'Heures majorées à 25%', 915.42, 24.5, 125, 28035, 0, 0),
	(1887, 1, 89, 12, 'Heures majorées à 50 %', 915.42, 5, 150, 6866, 0, 0),
	(1888, 11, 89, 29, 'Repos compensateur payé 20%', 915.42, 3.5, 20, 641, 0, 0),
	(1889, 1, 89, 76, 'ASSIETTE C.E.S.', 0, 0, 0, 178348, 0, 0),
	(1890, 1, 89, 43, 'Indemnité de congés payés ', 178347, 0, 10, 17835, 0, 0),
	(1891, 1, 89, 50, 'BRUT SOUMIS A COTISATIONS ', 0, 0, 0, 196183, 0, 0),
	(1892, 1, 89, 52, 'Prime de panier ', 909, 17, 0, 15453, 0, 0),
	(1893, 1, 89, 55, 'SALAIRE BRUT ', 0, 0, 0, 211636, 0, 0),
	(1894, 1, 89, 56, 'Cotisations CAFAT ', 196183, 0, 4.54, -8907, 17.3, -33940),
	(1895, 1, 89, 57, 'COTISATION CAFAT RUAMM Tranche 1 ', 196183, 0, 3.85, -7553, 11.67, -22895),
	(1896, 1, 89, 58, 'COTISATION CAFAT RUAMM Tranche 2 ', 0, 0, 1.25, 0, 3.75, 0),
	(1897, 1, 89, 62, 'Accident du travail ', 196183, 0, 0, 0, 3.6, -7063),
	(1898, 1, 89, 64, 'Formation Professionnelle Continue ', 196183, 0, 0, 0, 0.7, -1373),
	(1899, 1, 89, 65, 'Fond Social de l\'Habitat ', 196183, 0, 0, 0, 2, -3924),
	(1900, 1, 89, 66, 'CCS ', 196183, 0, 1, -1962, 0, 0),
	(1901, 1, 89, 67, 'FIAF ', 196183, 0, 0, 0, 0.2, -392),
	(1902, 1, 89, 68, 'FDS Financement Dialogue Social ', 196183, 0, 0, 0, 0.075, -147),
	(1903, 1, 89, 71, 'C.R.E. Tranche 1 - non cadre ', 196183, 0, 3.1, -6082, 4.65, -9123),
	(1904, 1, 89, 72, 'AGFF Tranche 1 ', 196183, 0, 0.8, -1569, 1.2, -2354),
	(1905, 1, 89, 75, 'C.R.E. Tranche 2 - non cadre ', 0, 0, 8.1, 0, 12.15, 0),
	(1906, 1, 89, 77, 'TOTAL DES RETENUES SUR LE BRUT ', 0, 0, 0, -26073, 0, -81211),
	(1907, 1, 89, 78, 'NET IMPOSABLE ', 0, 0, 0, 170110, 0, 0),
	(1908, 1, 89, 90, 'NET A PAYER ', 0, 0, 0, 185563, 0, 0),
	(1909, 1, 90, 1, 'Salaire de base', 915.42, 165, 0, 151044, 0, 0),
	(1910, 1, 90, 11, 'Heures majorées à 25%', 915.42, 21, 125, 24030, 0, 0),
	(1911, 11, 90, 29, 'Repos compensateur payé 20%', 915.42, 2.4, 20, 439, 0, 0),
	(1912, 1, 90, 76, 'ASSIETTE C.E.S.', 0, 0, 0, 175513, 0, 0),
	(1913, 1, 90, 39, 'Prime Nuitée', 1600, 9, 0, 14400, 0, 0),
	(1914, 2, 90, 39, 'Prime Nuitée', 1600, 3, 0, 4800, 0, 0),
	(1915, 1, 90, 43, 'Indemnité de congés payés ', 175511, 0, 10, 17551, 0, 0),
	(1916, 1, 90, 50, 'BRUT SOUMIS A COTISATIONS ', 0, 0, 0, 212264, 0, 0),
	(1917, 1, 90, 55, 'SALAIRE BRUT ', 0, 0, 0, 212264, 0, 0),
	(1918, 1, 90, 56, 'Cotisations CAFAT ', 212264, 0, 4.54, -9637, 17.3, -36722),
	(1919, 1, 90, 57, 'COTISATION CAFAT RUAMM Tranche 1 ', 212264, 0, 3.85, -8172, 11.67, -24771),
	(1920, 1, 90, 58, 'COTISATION CAFAT RUAMM Tranche 2 ', 0, 0, 1.25, 0, 3.75, 0),
	(1921, 1, 90, 62, 'Accident du travail ', 212264, 0, 0, 0, 3.6, -7642),
	(1922, 1, 90, 64, 'Formation Professionnelle Continue ', 212264, 0, 0, 0, 0.7, -1486),
	(1923, 1, 90, 65, 'Fond Social de l\'Habitat ', 212264, 0, 0, 0, 2, -4245),
	(1924, 1, 90, 66, 'CCS ', 212264, 0, 1, -2123, 0, 0),
	(1925, 1, 90, 67, 'FIAF ', 212264, 0, 0, 0, 0.2, -425),
	(1926, 1, 90, 68, 'FDS Financement Dialogue Social ', 212264, 0, 0, 0, 0.075, -159),
	(1927, 1, 90, 71, 'C.R.E. Tranche 1 - non cadre ', 212264, 0, 3.1, -6580, 4.65, -9870),
	(1928, 1, 90, 72, 'AGFF Tranche 1 ', 212264, 0, 0.8, -1698, 1.2, -2547),
	(1929, 1, 90, 75, 'C.R.E. Tranche 2 - non cadre ', 0, 0, 8.1, 0, 12.15, 0),
	(1930, 1, 90, 77, 'TOTAL DES RETENUES SUR LE BRUT ', 0, 0, 0, -28210, 0, -87867),
	(1931, 1, 90, 78, 'NET IMPOSABLE ', 0, 0, 0, 184054, 0, 0),
	(1932, 1, 90, 83, 'Acompte', 50000, 1, 0, -50000, 0, 0),
	(1933, 1, 90, 90, 'NET A PAYER ', 0, 0, 0, 124587, 0, 0),
	(1934, 1, 91, 1, 'Salaire de base', 1242.479, 157, 0, 195069, 0, 0),
	(1935, 1, 91, 2, 'Jour férié / chômé ', 1242.479, 7, 0, 8697, 0, 0),
	(1936, 1, 91, 11, 'Heures majorées à 25%', 1242.479, 9, 125, 13978, 0, 0),
	(1937, 1, 91, 12, 'Heures majorées à 50 %', 1242.479, 1, 150, 1864, 0, 0),
	(1938, 11, 91, 29, 'Repos compensateur payé 20%', 1242.479, 1.2, 20, 298, 0, 0),
	(1939, 1, 91, 76, 'ASSIETTE C.E.S.', 0, 0, 0, 219906, 0, 0),
	(1940, 1, 91, 43, 'Indemnité de congés payés ', 219907, 0, 10, 21991, 0, 0),
	(1941, 1, 91, 44, 'Indemnité de précarité ', 295201, 0, 15, 44280, 0, 0),
	(1942, 1, 91, 50, 'BRUT SOUMIS A COTISATIONS ', 0, 0, 0, 286177, 0, 0),
	(1943, 1, 91, 55, 'SALAIRE BRUT ', 0, 0, 0, 286177, 0, 0),
	(1944, 1, 91, 56, 'Cotisations CAFAT ', 286177, 0, 4.54, -12992, 17.3, -49509),
	(1945, 1, 91, 57, 'COTISATION CAFAT RUAMM Tranche 1 ', 286177, 0, 3.85, -11018, 11.67, -33397),
	(1946, 1, 91, 58, 'COTISATION CAFAT RUAMM Tranche 2 ', 0, 0, 1.25, 0, 3.75, 0),
	(1947, 1, 91, 62, 'Accident du travail ', 286177, 0, 0, 0, 3.6, -10302),
	(1948, 1, 91, 64, 'Formation Professionnelle Continue ', 286177, 0, 0, 0, 0.7, -2003),
	(1949, 1, 91, 65, 'Fond Social de l\'Habitat ', 286177, 0, 0, 0, 2, -5724),
	(1950, 1, 91, 66, 'CCS ', 286177, 0, 1, -2862, 0, 0),
	(1951, 1, 91, 67, 'FIAF ', 286177, 0, 0, 0, 0.2, -572),
	(1952, 1, 91, 68, 'FDS Financement Dialogue Social ', 286177, 0, 0, 0, 0.075, -215),
	(1953, 1, 91, 71, 'C.R.E. Tranche 1 - non cadre ', 286177, 0, 3.1, -8871, 4.65, -13307),
	(1954, 1, 91, 72, 'AGFF Tranche 1 ', 286177, 0, 0.8, -2289, 1.2, -3434),
	(1955, 1, 91, 75, 'C.R.E. Tranche 2 - non cadre ', 0, 0, 8.1, 0, 12.15, 0),
	(1956, 1, 91, 77, 'TOTAL DES RETENUES SUR LE BRUT ', 0, 0, 0, -38032, 0, -118463),
	(1957, 1, 91, 78, 'NET IMPOSABLE ', 0, 0, 0, 203865, 0, 0),
	(1958, 1, 91, 90, 'NET A PAYER ', 0, 0, 0, 248145, 0, 0),
	(1959, 1, 92, 1, 'Salaire de base', 915.42, 152.5, 0, 139602, 0, 0),
	(1960, 1, 92, 11, 'Heures majorées à 25%', 915.42, 24, 125, 27463, 0, 0),
	(1961, 1, 92, 12, 'Heures majorées à 50 %', 915.42, 3.5, 150, 4806, 0, 0),
	(1962, 11, 92, 29, 'Repos compensateur payé 20%', 915.42, 3.7, 20, 677, 0, 0),
	(1963, 1, 92, 76, 'ASSIETTE C.E.S.', 0, 0, 0, 172548, 0, 0),
	(1964, 1, 92, 43, 'Indemnité de congés payés ', 172546, 0, 10, 17255, 0, 0),
	(1965, 1, 92, 44, 'Indemnité de précarité ', 416028, 0, 15, 62404, 0, 0),
	(1966, 1, 92, 50, 'BRUT SOUMIS A COTISATIONS ', 0, 0, 0, 252207, 0, 0),
	(1967, 1, 92, 52, 'Prime de panier ', 909, 18, 0, 16362, 0, 0),
	(1968, 1, 92, 55, 'SALAIRE BRUT ', 0, 0, 0, 268569, 0, 0),
	(1969, 1, 92, 56, 'Cotisations CAFAT ', 252207, 0, 4.54, -11450, 17.3, -43632),
	(1970, 1, 92, 57, 'COTISATION CAFAT RUAMM Tranche 1 ', 252207, 0, 3.85, -9710, 11.67, -29433),
	(1971, 1, 92, 58, 'COTISATION CAFAT RUAMM Tranche 2 ', 0, 0, 1.25, 0, 3.75, 0),
	(1972, 1, 92, 62, 'Accident du travail ', 252207, 0, 0, 0, 3.6, -9079),
	(1973, 1, 92, 64, 'Formation Professionnelle Continue ', 252207, 0, 0, 0, 0.7, -1765),
	(1974, 1, 92, 65, 'Fond Social de l\'Habitat ', 252207, 0, 0, 0, 2, -5044),
	(1975, 1, 92, 66, 'CCS ', 252207, 0, 1, -2522, 0, 0),
	(1976, 1, 92, 67, 'FIAF ', 252207, 0, 0, 0, 0.2, -504),
	(1977, 1, 92, 68, 'FDS Financement Dialogue Social ', 252207, 0, 0, 0, 0.075, -189),
	(1978, 1, 92, 71, 'C.R.E. Tranche 1 - non cadre ', 252207, 0, 3.1, -7818, 4.65, -11728),
	(1979, 1, 92, 72, 'AGFF Tranche 1 ', 252207, 0, 0.8, -2018, 1.2, -3026),
	(1980, 1, 92, 75, 'C.R.E. Tranche 2 - non cadre ', 0, 0, 8.1, 0, 12.15, 0),
	(1981, 1, 92, 77, 'TOTAL DES RETENUES SUR LE BRUT ', 0, 0, 0, -33518, 0, -104400),
	(1982, 1, 92, 78, 'NET IMPOSABLE ', 0, 0, 0, 156285, 0, 0),
	(1983, 1, 92, 90, 'NET A PAYER ', 0, 0, 0, 235051, 0, 0),
	(1984, 11, 93, 29, 'Repos compensateur payé 20%', 921.278, 0.8, 20, 147, 0, 0),
	(1985, 1, 93, 76, 'ASSIETTE C.E.S.', 0, 0, 0, 167658, 0, 0),
	(1986, 1, 93, 39, 'Prime Nuitée', 1600, 11, 0, 17600, 0, 0),
	(1987, 1, 93, 43, 'Indemnité de congés payés ', 167658, 0, 10, 16766, 0, 0),
	(1988, 1, 93, 50, 'BRUT SOUMIS A COTISATIONS ', 0, 0, 0, 202024, 0, 0),
	(1989, 1, 93, 55, 'SALAIRE BRUT ', 0, 0, 0, 202024, 0, 0),
	(1990, 1, 93, 56, 'Cotisations CAFAT ', 202024, 0, 4.54, -9172, 17.3, -34950),
	(1991, 1, 93, 57, 'COTISATION CAFAT RUAMM Tranche 1 ', 202024, 0, 3.85, -7778, 11.67, -23576),
	(1992, 1, 93, 58, 'COTISATION CAFAT RUAMM Tranche 2 ', 0, 0, 1.25, 0, 3.75, 0),
	(1993, 1, 93, 62, 'Accident du travail ', 202024, 0, 0, 0, 3.6, -7273),
	(1994, 1, 93, 64, 'Formation Professionnelle Continue ', 202024, 0, 0, 0, 0.7, -1414),
	(1995, 1, 93, 65, 'Fond Social de l\'Habitat ', 202024, 0, 0, 0, 2, -4040),
	(1996, 1, 93, 66, 'CCS ', 202024, 0, 1, -2020, 0, 0),
	(1997, 1, 93, 67, 'FIAF ', 202024, 0, 0, 0, 0.2, -404),
	(1998, 1, 93, 68, 'FDS Financement Dialogue Social ', 202024, 0, 0, 0, 0.075, -152),
	(1999, 1, 93, 71, 'C.R.E. Tranche 1 - non cadre ', 202024, 0, 3.1, -6263, 4.65, -9394),
	(2000, 1, 93, 72, 'AGFF Tranche 1 ', 202024, 0, 0.8, -1616, 1.2, -2424),
	(2001, 1, 93, 75, 'C.R.E. Tranche 2 - non cadre ', 0, 0, 8.1, 0, 12.15, 0),
	(2002, 1, 93, 77, 'TOTAL DES RETENUES SUR LE BRUT ', 0, 0, 0, -26849, 0, -83627),
	(2003, 1, 93, 78, 'NET IMPOSABLE ', 0, 0, 0, 175175, 0, 0),
	(2004, 1, 93, 83, 'Acompte', 50000, 1, 0, -50000, 0, 0),
	(2005, 1, 93, 90, 'NET A PAYER ', 0, 0, 0, 115480, 0, 0),
	(2006, 1, 93, 1, 'Salaire de base', 921.278, 115, 0, 105947, 0, 0),
	(2007, 1, 93, 4, 'Heures de nuit à 15%', 921.278, 50.5, 115, 53503, 0, 0),
	(2008, 1, 93, 11, 'Heures majorées à 25%', 921.278, 7, 125, 8061, 0, 0),
	(2009, 11, 94, 29, 'Repos compensateur payé 20%', 1086.497, 4.3, 20, 934, 0, 0),
	(2010, 1, 94, 76, 'ASSIETTE C.E.S.', 0, 0, 0, 241049, 0, 0),
	(2011, 1, 94, 43, 'Indemnité de congés payés ', 237789, 0, 10, 23779, 0, 0),
	(2012, 1, 94, 50, 'BRUT SOUMIS A COTISATIONS ', 0, 0, 0, 264828, 0, 0),
	(2013, 1, 94, 51, 'Indemnité Forfaitaire si déplacement ', 6000, 9, 0, 54000, 0, 0),
	(2014, 1, 94, 52, 'Prime de panier ', 909, 10, 0, 9090, 0, 0),
	(2015, 1, 94, 55, 'SALAIRE BRUT ', 0, 0, 0, 327918, 0, 0),
	(2016, 1, 94, 56, 'Cotisations CAFAT ', 264828, 0, 4.54, -12023, 17.3, -45815),
	(2017, 1, 94, 57, 'COTISATION CAFAT RUAMM Tranche 1 ', 264828, 0, 3.85, -10196, 11.67, -30905),
	(2018, 1, 94, 58, 'COTISATION CAFAT RUAMM Tranche 2 ', 0, 0, 1.25, 0, 3.75, 0),
	(2019, 1, 94, 62, 'Accident du Travail ', 264828, 0, 0, 0, 3.6, -9534),
	(2020, 1, 94, 64, 'Formation Professionnelle Continue ', 264828, 0, 0, 0, 0.7, -1854),
	(2021, 1, 94, 65, 'Fond Social de l\'Habitat ', 264828, 0, 0, 0, 2, -5297),
	(2022, 1, 94, 66, 'CCS ', 264828, 0, 1, -2648, 0, 0),
	(2023, 1, 94, 67, 'FIAF ', 264828, 0, 0, 0, 0.2, -530),
	(2024, 1, 94, 68, 'FDS Financement Dialogue Social ', 264828, 0, 0, 0, 0.075, -199),
	(2025, 1, 94, 71, 'C.R.E. Tranche 1 - non cadre ', 264828, 0, 3.1, -8210, 4.65, -12315),
	(2026, 1, 94, 72, 'AGFF Tranche 1 ', 264828, 0, 0.8, -2119, 1.2, -3178),
	(2027, 1, 94, 75, 'C.R.E. Tranche 2 - non cadre ', 0, 0, 8.1, 0, 12.15, 0),
	(2028, 1, 94, 77, 'TOTAL DES RETENUES SUR LE BRUT ', 0, 0, 0, -35196, 0, -109627),
	(2029, 1, 94, 78, 'NET IMPOSABLE ', 0, 0, 0, 229632, 0, 0),
	(2030, 1, 94, 83, 'Acompte', 24000, 1, 0, -24000, 0, 0),
	(2031, 2, 94, 83, 'Acompte', 24000, 1, 0, -24000, 0, 0),
	(2032, 3, 94, 83, 'Acompte', 18000, 1, 0, -18000, 0, 0),
	(2033, 1, 94, 86, 'Avance sur frais ', 1900, 1, 0, -1900, 0, 0),
	(2034, 1, 94, 90, 'NET A PAYER ', 0, 0, 0, 224822, 0, 0),
	(2035, 1, 94, 1, 'Salaire de base', 1086.497, 176, 0, 191223, 0, 0),
	(2036, 1, 94, 11, 'Heures majorées à 25%', 1086.497, 24, 125, 32595, 0, 0),
	(2037, 1, 94, 12, 'Heures majorées à 50 %', 1086.497, 8, 150, 13038, 0, 0),
	(2038, 1, 94, 12, 'Heure de trajet 50%', 1086.497, 6, 50, 3259, 0, 0),
	(2039, 11, 95, 29, 'Repos compensateur payé 20%', 921.278, 1.3, 20, 240, 0, 0),
	(2040, 1, 95, 76, 'ASSIETTE C.E.S.', 0, 0, 0, 179429, 0, 0),
	(2041, 1, 95, 43, 'Indemnité de congés payés ', 179431, 0, 10, 17943, 0, 0),
	(2042, 1, 95, 50, 'BRUT SOUMIS A COTISATIONS ', 0, 0, 0, 197372, 0, 0),
	(2043, 1, 95, 52, 'Prime de panier ', 909, 19, 0, 17271, 0, 0),
	(2044, 1, 95, 55, 'SALAIRE BRUT ', 0, 0, 0, 214643, 0, 0),
	(2045, 1, 95, 56, 'Cotisations CAFAT ', 197372, 0, 4.54, -8961, 17.3, -34145),
	(2046, 1, 95, 57, 'COTISATION CAFAT RUAMM Tranche 1 ', 197372, 0, 3.85, -7599, 11.67, -23033),
	(2047, 1, 95, 58, 'COTISATION CAFAT RUAMM Tranche 2 ', 0, 0, 1.25, 0, 3.75, 0),
	(2048, 1, 95, 62, 'Accident du travail ', 197372, 0, 0, 0, 3.6, -7105),
	(2049, 1, 95, 64, 'Formation Professionnelle Continue ', 197372, 0, 0, 0, 0.7, -1382),
	(2050, 1, 95, 65, 'Fond Social de l\'Habitat ', 197372, 0, 0, 0, 2, -3947),
	(2051, 1, 95, 66, 'CCS ', 197372, 0, 1, -1974, 0, 0),
	(2052, 1, 95, 67, 'FIAF ', 197372, 0, 0, 0, 0.2, -395),
	(2053, 1, 95, 68, 'FDS Financement Dialogue Social ', 197372, 0, 0, 0, 0.075, -148),
	(2054, 1, 95, 71, 'C.R.E. Tranche 1 - non cadre ', 197372, 0, 3.1, -6119, 4.65, -9178),
	(2055, 1, 95, 72, 'AGFF Tranche 1 ', 197372, 0, 0.8, -1579, 1.2, -2368),
	(2056, 1, 95, 75, 'C.R.E. Tranche 2 - non cadre ', 0, 0, 8.1, 0, 12.15, 0),
	(2057, 1, 95, 77, 'TOTAL DES RETENUES SUR LE BRUT ', 0, 0, 0, -26232, 0, -81701),
	(2058, 1, 95, 78, 'NET IMPOSABLE ', 0, 0, 0, 171140, 0, 0),
	(2059, 1, 95, 83, 'Acompte', 20000, 1, 0, -20000, 0, 0),
	(2060, 1, 95, 90, 'NET A PAYER ', 0, 0, 0, 168411, 0, 0),
	(2061, 1, 95, 1, 'Salaire de base', 921.278, 176, 0, 162145, 0, 0),
	(2062, 1, 95, 11, 'Heures majorées à 25%', 921.278, 13, 125, 14971, 0, 0),
	(2063, 1, 95, 12, 'Heures majorées à 50 %', 921.278, 1.5, 150, 2073, 0, 0),
	(2064, 1, 96, 1, 'Salaire de base', 931.361, 126, 0, 117351, 0, 0),
	(2065, 1, 96, 2, 'Jour férié / chômé ', 931.361, 8, 0, 7451, 0, 0),
	(2066, 1, 96, 7, 'Heures de nuit à 25%', 931.361, 38, 125, 44240, 0, 0),
	(2067, 1, 96, 76, 'ASSIETTE C.E.S.', 0, 0, 0, 169042, 0, 0),
	(2068, 1, 96, 43, 'Indemnité de congés payés ', 169043, 0, 10, 16904, 0, 0),
	(2069, 1, 96, 50, 'BRUT SOUMIS A COTISATIONS ', 0, 0, 0, 185946, 0, 0),
	(2070, 1, 96, 55, 'SALAIRE BRUT ', 0, 0, 0, 185946, 0, 0),
	(2071, 1, 96, 56, 'Cotisations CAFAT ', 185946, 0, 4.54, -8442, 17.3, -32169),
	(2072, 1, 96, 57, 'COTISATION CAFAT RUAMM Tranche 1 ', 185946, 0, 3.85, -7159, 11.67, -21700),
	(2073, 1, 96, 58, 'COTISATION CAFAT RUAMM Tranche 2 ', 0, 0, 1.25, 0, 3.75, 0),
	(2075, 1, 96, 62, 'Accident du travail ', 185946, 0, 0, 0, 2.88, -5355),
	(2076, 1, 96, 64, 'Formation Professionnelle Continue ', 185946, 0, 0, 0, 0.7, -1302),
	(2077, 1, 96, 65, 'Fond Social de l\'Habitat ', 185946, 0, 0, 0, 2, -3719),
	(2078, 1, 96, 66, 'CCS ', 185946, 0, 1, -1859, 0, 0),
	(2079, 1, 96, 67, 'FIAF ', 185946, 0, 0, 0, 0.2, -372),
	(2080, 1, 96, 68, 'FDS Financement Dialogue Social ', 185946, 0, 0, 0, 0.075, -139),
	(2081, 1, 96, 71, 'C.R.E. Tranche 1 - non cadre ', 185946, 0, 3.1, -5764, 4.65, -8646),
	(2082, 1, 96, 72, 'AGFF Tranche 1 ', 185946, 0, 0.8, -1488, 1.2, -2231),
	(2083, 1, 96, 75, 'C.R.E. Tranche 2 - non cadre ', 0, 0, 8.1, 0, 12.15, 0),
	(2084, 1, 96, 77, 'TOTAL DES RETENUES SUR LE BRUT ', 0, 0, 0, -24712, 0, -75633),
	(2085, 1, 96, 78, 'NET IMPOSABLE ', 0, 0, 0, 161234, 0, 0),
	(2086, 1, 96, 90, 'NET A PAYER ', 0, 0, 0, 161234, 0, 0),
	(2087, 1, 97, 1, 'Salaire de base', 1086.497, 164.5, 0, 178729, 0, 0),
	(2088, 1, 97, 2, 'Jour férié / chômé ', 1086.497, 8, 0, 8692, 0, 0),
	(2089, 1, 97, 6, 'Rappels sur salaire octobre heures 25%', 1358.125, 6, 0, 8149, 0, 0),
	(2090, 1, 97, 11, 'Heures majorées à 25%', 1086.497, 15, 125, 20372, 0, 0),
	(2091, 1, 97, 12, 'Heures majorées à 50 %', 1086.497, 3, 150, 4889, 0, 0),
	(2092, 1, 97, 16, 'Heure de trajet 50%', 1086.497, 10, 50, 5432, 0, 0),
	(2093, 1, 97, 25, 'Régul heures majorées 50% octobre ', 1086.497, 2, 150, -3259, 0, 0),
	(2094, 11, 97, 29, 'Repos compensateur payé 20%', 1086.497, 1.8, 20, 391, 0, 0),
	(2095, 1, 97, 76, 'ASSIETTE C.E.S.', 0, 0, 0, 223395, 0, 0),
	(2096, 1, 97, 43, 'Indemnité de congés payés ', 213071, 0, 10, 21307, 0, 0),
	(2097, 1, 97, 50, 'BRUT SOUMIS A COTISATIONS ', 0, 0, 0, 244702, 0, 0),
	(2098, 1, 97, 51, 'Indemnité Forfaitaire si déplacement ', 6000, 9, 0, 54000, 0, 0),
	(2099, 2, 97, 51, ' régul octobre Indemnité Forfaitaire ', 6000, 2, 0, 12000, 0, 0),
	(2100, 1, 97, 47, 'Prime de panier ', 909, 2, 0, 1818, 0, 0),
	(2101, 1, 97, 55, 'SALAIRE BRUT ', 0, 0, 0, 312520, 0, 0),
	(2102, 1, 97, 56, 'Cotisations CAFAT ', 244702, 0, 4.54, -11109, 17.3, -42333),
	(2103, 1, 97, 57, 'COTISATION CAFAT RUAMM Tranche 1 ', 244702, 0, 3.85, -9421, 11.67, -28557),
	(2104, 1, 97, 58, 'COTISATION CAFAT RUAMM Tranche 2 ', 0, 0, 1.25, 0, 3.75, 0),
	(2105, 1, 97, 62, 'Accident du Travail ', 244702, 0, 0, 0, 3.6, -8809),
	(2106, 1, 97, 64, 'Formation Professionnelle Continue ', 244702, 0, 0, 0, 0.7, -1713),
	(2107, 1, 97, 65, 'Fond Social de l\'Habitat ', 244702, 0, 0, 0, 2, -4894),
	(2108, 1, 97, 66, 'CCS ', 244702, 0, 1, -2447, 0, 0),
	(2109, 1, 97, 67, 'FIAF ', 244702, 0, 0, 0, 0.2, -489),
	(2110, 1, 97, 68, 'FDS Financement Dialogue Social ', 244702, 0, 0, 0, 0.075, -184),
	(2111, 1, 97, 71, 'C.R.E. Tranche 1 - non cadre ', 244702, 0, 3.1, -7586, 4.65, -11379),
	(2112, 1, 97, 72, 'AGFF Tranche 1 ', 244702, 0, 0.8, -1958, 1.2, -2936),
	(2113, 1, 97, 75, 'C.R.E. Tranche 2 - non cadre ', 0, 0, 8.1, 0, 12.15, 0),
	(2114, 1, 97, 77, 'TOTAL DES RETENUES SUR LE BRUT ', 0, 0, 0, -32521, 0, -101294),
	(2115, 1, 97, 78, 'NET IMPOSABLE ', 0, 0, 0, 212181, 0, 0),
	(2116, 3, 97, 85, 'Avance sur frais de déplacement', 6000, 1, 0, -6000, 0, 0),
	(2117, 1, 97, 85, 'Avance sur frais de déplacement', 6000, 5, 0, -30000, 0, 0),
	(2118, 2, 97, 85, 'Avance sur frais de déplacement', 6000, 4, 0, -24000, 0, 0),
	(2119, 1, 97, 90, 'NET A PAYER ', 0, 0, 0, 219999, 0, 0),
	(2120, 1, 98, 1, 'Salaire de base', 1093.669, 164, 0, 179362, 0, 0),
	(2121, 1, 98, 11, 'Heures majorées à 25%', 1093.669, 24, 125, 32810, 0, 0),
	(2122, 1, 98, 12, 'Heures majorées à 50 %', 1093.669, 4, 150, 6562, 0, 0),
	(2123, 1, 98, 16, 'Heure de trajet 50%', 1093.669, 20.5, 50, 11210, 0, 0),
	(2124, 11, 98, 29, 'Repos compensateur payé 20%', 1093.669, 3.8, 20, 831, 0, 0),
	(2125, 1, 98, 76, 'ASSIETTE C.E.S.', 0, 0, 0, 230775, 0, 0),
	(2126, 1, 98, 43, 'Indemnité de congés payés ', 219566, 0, 10, 21957, 0, 0),
	(2127, 1, 98, 50, 'BRUT SOUMIS A COTISATIONS ', 0, 0, 0, 252732, 0, 0),
	(2128, 1, 98, 51, 'Indemnité Forfaitaire si déplacement ', 6000, 18, 0, 108000, 0, 0),
	(2129, 1, 98, 55, 'SALAIRE BRUT ', 0, 0, 0, 360732, 0, 0),
	(2130, 1, 98, 56, 'Cotisations CAFAT ', 252732, 0, 4.54, -11474, 17.3, -43723),
	(2131, 1, 98, 57, 'COTISATION CAFAT RUAMM Tranche 1 ', 252732, 0, 3.85, -9730, 11.67, -29494),
	(2132, 1, 98, 58, 'COTISATION CAFAT RUAMM Tranche 2 ', 0, 0, 1.25, 0, 3.75, 0),
	(2133, 1, 98, 62, 'Accident du Travail ', 252732, 0, 0, 0, 3.6, -9098),
	(2134, 1, 98, 64, 'Formation Professionnelle Continue ', 252732, 0, 0, 0, 0.7, -1769),
	(2135, 1, 98, 65, 'Fond Social de l\'Habitat ', 252732, 0, 0, 0, 2, -5055),
	(2136, 1, 98, 66, 'CCS ', 252732, 0, 1, -2527, 0, 0),
	(2137, 1, 98, 67, 'FIAF ', 252732, 0, 0, 0, 0.2, -505),
	(2138, 1, 98, 68, 'FDS Financement Dialogue Social ', 252732, 0, 0, 0, 0.075, -190),
	(2139, 1, 98, 71, 'C.R.E. Tranche 1 - non cadre ', 252732, 0, 3.1, -7835, 4.65, -11752),
	(2140, 1, 98, 72, 'AGFF Tranche 1 ', 252732, 0, 0.8, -2022, 1.2, -3033),
	(2141, 1, 98, 75, 'C.R.E. Tranche 2 - non cadre ', 0, 0, 8.1, 0, 12.15, 0),
	(2142, 1, 98, 77, 'TOTAL DES RETENUES SUR LE BRUT ', 0, 0, 0, -33588, 0, -104619),
	(2143, 1, 98, 78, 'NET IMPOSABLE ', 0, 0, 0, 219144, 0, 0),
	(2144, 4, 98, 85, 'Avance sur frais de déplacement', 6000, 4, 0, -24000, 0, 0),
	(2145, 3, 98, 85, 'Avance sur frais de déplacement', 6000, 4, 0, -24000, 0, 0),
	(2146, 2, 98, 85, 'Avance sur frais de déplacement', 6000, 4, 0, -24000, 0, 0),
	(2147, 1, 98, 85, 'Avance sur frais de déplacement', 6000, 4, 0, -24000, 0, 0),
	(2148, 1, 98, 90, 'NET A PAYER ', 0, 0, 0, 231144, 0, 0),
	(2149, 1, 99, 41, 'Prime de salissure ', 1050, 22, 0, 23100, 0, 0),
	(2150, 1, 99, 43, 'Indemnité de congés payés ', 196861, 0, 10, 19686, 0, 0),
	(2151, 1, 99, 47, 'Prime de panier ', 135, 18, 0, 2430, 0, 0),
	(2152, 1, 99, 50, 'BRUT SOUMIS A COTISATIONS ', 0, 0, 0, 245224, 0, 0),
	(2153, 1, 99, 52, 'Prime de panier ', 915, 18, 0, 16470, 0, 0),
	(2154, 1, 99, 55, 'SALAIRE BRUT ', 0, 0, 0, 261694, 0, 0),
	(2155, 1, 99, 56, 'Cotisations CAFAT ', 245224, 0, 4.54, -11133, 17.3, -42424),
	(2156, 1, 99, 57, 'COTISATION CAFAT RUAMM Tranche 1 ', 245224, 0, 3.85, -9441, 11.67, -28618),
	(2157, 1, 99, 58, 'COTISATION CAFAT RUAMM Tranche 2 ', 0, 0, 1.25, 0, 3.75, 0),
	(2158, 1, 99, 62, 'Accident du travail ', 245224, 0, 0, 0, 3.6, -8828),
	(2159, 1, 99, 64, 'Formation Professionnelle Continue ', 245224, 0, 0, 0, 0.7, -1717),
	(2160, 1, 99, 65, 'Fond Social de l\'Habitat ', 245224, 0, 0, 0, 2, -4904),
	(2161, 1, 99, 66, 'CCS ', 245224, 0, 1, -2452, 0, 0),
	(2162, 1, 99, 67, 'FIAF ', 245224, 0, 0, 0, 0.2, -490),
	(2163, 1, 99, 68, 'FDS Financement Dialogue Social ', 245224, 0, 0, 0, 0.075, -184),
	(2164, 1, 99, 71, 'C.R.E. Tranche 1 - non cadre ', 245224, 0, 3.1, -7602, 4.65, -11403),
	(2165, 1, 99, 72, 'AGFF Tranche 1 ', 245224, 0, 0.8, -1962, 1.2, -2943),
	(2166, 1, 99, 75, 'C.R.E. Tranche 2 - non cadre ', 0, 0, 8.1, 0, 12.15, 0),
	(2167, 1, 99, 77, 'TOTAL DES RETENUES SUR LE BRUT ', 0, 0, 0, -32590, 0, -101511),
	(2168, 1, 99, 78, 'NET IMPOSABLE ', 0, 0, 0, 212634, 0, 0),
	(2169, 1, 99, 90, 'NET A PAYER ', 0, 0, 0, 229104, 0, 0),
	(2170, 1, 99, 1, 'Salaire de base', 921.278, 163, 0, 150168, 0, 0),
	(2171, 1, 99, 3, 'Heures de nuit à 100%', 921.278, 5, 200, 9213, 0, 0),
	(2172, 1, 99, 11, 'Heures majorées à 25%', 921.278, 32, 125, 36851, 0, 0),
	(2173, 11, 99, 29, 'Repos compensateur payé 20%', 921.278, 3.4, 20, 626, 0, 0),
	(2174, 1, 99, 76, 'ASSIETTE C.E.S.', 0, 0, 0, 196858, 0, 0),
	(2175, 2, 99, 32, 'Prime four aspiration', 1050, 3, 0, 3150, 0, 0),
	(2176, 1, 100, 71, 'C.R.E. Tranche 1 - non cadre ', 225954, 0, 3.1, -7005, 4.65, -10507),
	(2177, 1, 100, 72, 'AGFF Tranche 1 ', 225954, 0, 0.8, -1808, 1.2, -2711),
	(2178, 1, 100, 75, 'C.R.E. Tranche 2 - non cadre ', 0, 0, 8.1, 0, 12.15, 0),
	(2179, 1, 100, 77, 'TOTAL DES RETENUES SUR LE BRUT ', 0, 0, 0, -30030, 0, -93533),
	(2180, 1, 100, 78, 'NET IMPOSABLE ', 0, 0, 0, 195924, 0, 0),
	(2181, 1, 100, 90, 'NET A PAYER ', 0, 0, 0, 215139, 0, 0),
	(2182, 1, 100, 1, 'Salaire de base', 1035.5, 160.5, 0, 166198, 0, 0),
	(2183, 1, 100, 2, 'Jour férié / chômé ', 1035.5, 16, 0, 16568, 0, 0),
	(2184, 1, 100, 11, 'Heures majorées à 25%', 1035.5, 4, 125, 5178, 0, 0),
	(2185, 1, 100, 76, 'ASSIETTE C.E.S.', 0, 0, 0, 187944, 0, 0),
	(2186, 3, 100, 32, 'Prime de poussiere ', 915, 21, 0, 19215, 0, 0),
	(2187, 1, 100, 43, 'Indemnité de congés payés ', 187946, 0, 10, 18795, 0, 0),
	(2188, 1, 100, 50, 'BRUT SOUMIS A COTISATIONS ', 0, 0, 0, 225954, 0, 0),
	(2189, 1, 100, 52, 'Indemnité de panier ', 915, 21, 0, 19215, 0, 0),
	(2190, 1, 100, 55, 'SALAIRE BRUT ', 0, 0, 0, 245169, 0, 0),
	(2191, 1, 100, 56, 'Cotisations CAFAT ', 225954, 0, 4.54, -10258, 17.3, -39090),
	(2192, 1, 100, 57, 'COTISATION CAFAT RUAMM Tranche 1 ', 225954, 0, 3.85, -8699, 11.67, -26369),
	(2193, 1, 100, 58, 'COTISATION CAFAT RUAMM Tranche 2 ', 0, 0, 1.25, 0, 3.75, 0),
	(2194, 1, 100, 62, 'Accident du travail ', 225954, 0, 0, 0, 3.6, -8134),
	(2195, 1, 100, 64, 'Formation Professionnelle Continue ', 225954, 0, 0, 0, 0.7, -1582),
	(2196, 1, 100, 65, 'Fond Social de l\'Habitat ', 225954, 0, 0, 0, 2, -4519),
	(2197, 1, 100, 66, 'CCS ', 225954, 0, 1, -2260, 0, 0),
	(2198, 1, 100, 67, 'FIAF ', 225954, 0, 0, 0, 0.2, -452),
	(2199, 1, 100, 68, 'FDS Financement Dialogue Social ', 225954, 0, 0, 0, 0.075, -169),
	(2200, 1, 101, 71, 'C.R.E. Tranche 1 - non cadre ', 220927, 0, 3.1, -6849, 4.65, -10273),
	(2201, 1, 101, 72, 'AGFF Tranche 1 ', 220927, 0, 0.8, -1767, 1.2, -2651),
	(2202, 1, 101, 75, 'C.R.E. Tranche 2 - non cadre ', 0, 0, 8.1, 0, 12.15, 0),
	(2203, 1, 101, 77, 'TOTAL DES RETENUES SUR LE BRUT ', 0, 0, 0, -29361, 0, -91452),
	(2204, 1, 101, 78, 'NET IMPOSABLE ', 0, 0, 0, 191566, 0, 0),
	(2205, 1, 101, 83, 'Acompte', 25000, 1, 0, -25000, 0, 0),
	(2206, 1, 101, 90, 'NET A PAYER ', 0, 0, 0, 179376, 0, 0),
	(2207, 1, 101, 1, 'Salaire de base', 921.278, 156, 0, 143719, 0, 0),
	(2208, 1, 101, 2, 'Jour férié / chômé ', 921.278, 24, 0, 22111, 0, 0),
	(2209, 1, 101, 3, 'Heures de nuit à 100%', 921.278, 1, 200, 1843, 0, 0),
	(2210, 1, 101, 4, 'Heures de nuit à 15%', 921.278, 3, 115, 3178, 0, 0),
	(2211, 1, 101, 11, 'Heures majorées à 25%', 921.278, 3, 125, 3455, 0, 0),
	(2212, 1, 101, 76, 'ASSIETTE C.E.S.', 0, 0, 0, 174306, 0, 0),
	(2213, 2, 101, 32, 'Prime four aspiration', 1050, 6, 0, 6300, 0, 0),
	(2214, 1, 101, 41, 'Prime de salissure ', 1050, 20, 0, 21000, 0, 0),
	(2215, 1, 101, 43, 'Indemnité de congés payés ', 174306, 0, 10, 17431, 0, 0),
	(2216, 1, 101, 47, 'Prime de panier ', 135, 14, 0, 1890, 0, 0),
	(2217, 1, 101, 50, 'BRUT SOUMIS A COTISATIONS ', 0, 0, 0, 220927, 0, 0),
	(2218, 1, 101, 52, 'Prime de panier ', 915, 14, 0, 12810, 0, 0),
	(2219, 1, 101, 55, 'SALAIRE BRUT ', 0, 0, 0, 233737, 0, 0),
	(2220, 1, 101, 56, 'Cotisations CAFAT ', 220927, 0, 4.54, -10030, 17.3, -38220),
	(2221, 1, 101, 57, 'COTISATION CAFAT RUAMM Tranche 1 ', 220927, 0, 3.85, -8506, 11.67, -25782),
	(2222, 1, 101, 58, 'COTISATION CAFAT RUAMM Tranche 2 ', 0, 0, 1.25, 0, 3.75, 0),
	(2223, 1, 101, 62, 'Accident du travail ', 220927, 0, 0, 0, 3.6, -7953),
	(2224, 1, 101, 64, 'Formation Professionnelle Continue ', 220927, 0, 0, 0, 0.7, -1546),
	(2225, 1, 101, 65, 'Fond Social de l\'Habitat ', 220927, 0, 0, 0, 2, -4419),
	(2226, 1, 101, 66, 'CCS ', 220927, 0, 1, -2209, 0, 0),
	(2227, 1, 101, 67, 'FIAF ', 220927, 0, 0, 0, 0.2, -442),
	(2228, 1, 101, 68, 'FDS Financement Dialogue Social ', 220927, 0, 0, 0, 0.075, -166),
	(2229, 1, 102, 1, 'Salaire de base', 1035.5, 160, 0, 165680, 0, 0),
	(2230, 1, 102, 11, 'Heures majorées à 25%', 1035.5, 13, 125, 16827, 0, 0),
	(2231, 11, 102, 29, 'Repos compensateur payé 20%', 1035.5, 0.6, 20, 124, 0, 0),
	(2232, 1, 102, 76, 'ASSIETTE C.E.S.', 0, 0, 0, 182631, 0, 0),
	(2233, 1, 102, 43, 'Indemnité de congés payés ', 182633, 0, 10, 18263, 0, 0),
	(2234, 1, 102, 50, 'BRUT SOUMIS A COTISATIONS ', 0, 0, 0, 200894, 0, 0),
	(2235, 1, 102, 52, 'Indemnité de panier ', 915, 8, 0, 7320, 0, 0),
	(2236, 1, 102, 55, 'SALAIRE BRUT ', 0, 0, 0, 208214, 0, 0),
	(2237, 1, 102, 56, 'Cotisations CAFAT ', 200894, 0, 4.54, -9121, 17.3, -34755),
	(2238, 1, 102, 57, 'COTISATION CAFAT RUAMM Tranche 1 ', 200894, 0, 3.85, -7734, 11.67, -23444),
	(2239, 1, 102, 58, 'COTISATION CAFAT RUAMM Tranche 2 ', 0, 0, 1.25, 0, 3.75, 0),
	(2240, 1, 102, 62, 'Accident du travail ', 200894, 0, 0, 0, 3.6, -7232),
	(2241, 1, 102, 64, 'Formation Professionnelle Continue ', 200894, 0, 0, 0, 0.7, -1406),
	(2242, 1, 102, 65, 'Fond Social de l\'Habitat ', 200894, 0, 0, 0, 2, -4018),
	(2243, 1, 102, 66, 'CCS ', 200894, 0, 1, -2009, 0, 0),
	(2244, 1, 102, 67, 'FIAF ', 200894, 0, 0, 0, 0.2, -402),
	(2245, 1, 102, 68, 'FDS Financement Dialogue Social ', 200894, 0, 0, 0, 0.075, -151),
	(2246, 1, 102, 71, 'C.R.E. Tranche 1 - non cadre ', 200894, 0, 3.1, -6228, 4.65, -9342),
	(2247, 1, 102, 72, 'AGFF Tranche 1 ', 200894, 0, 0.8, -1607, 1.2, -2411),
	(2248, 1, 102, 75, 'C.R.E. Tranche 2 - non cadre ', 0, 0, 8.1, 0, 12.15, 0),
	(2249, 1, 102, 77, 'TOTAL DES RETENUES SUR LE BRUT ', 0, 0, 0, -26699, 0, -83161),
	(2250, 1, 102, 78, 'NET IMPOSABLE ', 0, 0, 0, 174195, 0, 0),
	(2251, 1, 102, 90, 'NET A PAYER ', 0, 0, 0, 181515, 0, 0),
	(2252, 1, 103, 1, 'Salaire de base', 921.278, 167, 0, 153853, 0, 0),
	(2253, 1, 103, 11, 'Heures majorées à 25%', 921.278, 2.5, 125, 2879, 0, 0),
	(2254, 1, 103, 76, 'ASSIETTE C.E.S.', 0, 0, 0, 156732, 0, 0),
	(2255, 2, 103, 32, 'Prime four aspiration', 1050, 4, 0, 4200, 0, 0),
	(2256, 1, 103, 41, 'Prime de salissure ', 1050, 22, 0, 23100, 0, 0),
	(2257, 1, 103, 43, 'Indemnité de congés payés ', 156733, 0, 10, 15673, 0, 0),
	(2258, 1, 103, 47, 'Prime de panier ', 135, 14, 0, 1890, 0, 0),
	(2259, 1, 103, 50, 'BRUT SOUMIS A COTISATIONS ', 0, 0, 0, 201595, 0, 0),
	(2260, 1, 103, 52, 'Prime de panier ', 915, 14, 0, 12810, 0, 0),
	(2261, 1, 103, 55, 'SALAIRE BRUT ', 0, 0, 0, 214405, 0, 0),
	(2262, 1, 103, 56, 'Cotisations CAFAT ', 201595, 0, 4.54, -9152, 17.3, -34876),
	(2263, 1, 103, 57, 'COTISATION CAFAT RUAMM Tranche 1 ', 201595, 0, 3.85, -7761, 11.67, -23526),
	(2264, 1, 103, 58, 'COTISATION CAFAT RUAMM Tranche 2 ', 0, 0, 1.25, 0, 3.75, 0),
	(2265, 1, 103, 62, 'Accident du travail ', 201595, 0, 0, 0, 3.6, -7257),
	(2266, 1, 103, 64, 'Formation Professionnelle Continue ', 201595, 0, 0, 0, 0.7, -1411),
	(2267, 1, 103, 65, 'Fond Social de l\'Habitat ', 201595, 0, 0, 0, 2, -4032),
	(2268, 1, 103, 66, 'CCS ', 201595, 0, 1, -2016, 0, 0),
	(2269, 1, 103, 67, 'FIAF ', 201595, 0, 0, 0, 0.2, -403),
	(2270, 1, 103, 68, 'FDS Financement Dialogue Social ', 201595, 0, 0, 0, 0.075, -151),
	(2271, 1, 103, 71, 'C.R.E. Tranche 1 - non cadre ', 201595, 0, 3.1, -6249, 4.65, -9374),
	(2272, 1, 103, 72, 'AGFF Tranche 1 ', 201595, 0, 0.8, -1613, 1.2, -2419),
	(2273, 1, 103, 75, 'C.R.E. Tranche 2 - non cadre ', 0, 0, 8.1, 0, 12.15, 0),
	(2274, 1, 103, 77, 'TOTAL DES RETENUES SUR LE BRUT ', 0, 0, 0, -26791, 0, -83449),
	(2275, 1, 103, 78, 'NET IMPOSABLE ', 0, 0, 0, 174804, 0, 0),
	(2276, 1, 103, 83, 'Acompte', 25000, 1, 0, -25000, 0, 0),
	(2277, 1, 103, 90, 'NET A PAYER ', 0, 0, 0, 162614, 0, 0),
	(2278, 1, 104, 1, 'Salaire de base', 921.278, 40, 0, 36851, 0, 0),
	(2279, 1, 104, 4, 'Heures de nuit à 15%', 921.278, 114, 115, 120780, 0, 0),
	(2280, 1, 104, 11, 'Heures majorées à 25%', 921.278, 13, 125, 14971, 0, 0),
	(2281, 1, 104, 12, 'Heures majorées à 50 %', 921.278, 2, 150, 2764, 0, 0),
	(2282, 1, 104, 12, 'Heure de trajet 50%', 921.278, 7.5, 50, 3455, 0, 0),
	(2283, 11, 104, 29, 'Repos compensateur payé 20%', 921.278, 1.8, 20, 332, 0, 0),
	(2284, 1, 104, 76, 'ASSIETTE C.E.S.', 0, 0, 0, 179153, 0, 0),
	(2285, 1, 104, 43, 'Indemnité de congés payés ', 175699, 0, 10, 17570, 0, 0),
	(2286, 1, 104, 50, 'BRUT SOUMIS A COTISATIONS ', 0, 0, 0, 196723, 0, 0),
	(2287, 1, 104, 55, 'SALAIRE BRUT ', 0, 0, 0, 196723, 0, 0),
	(2288, 1, 104, 56, 'Cotisations CAFAT ', 196723, 0, 4.54, -8931, 17.3, -34033),
	(2289, 1, 104, 57, 'COTISATION CAFAT RUAMM Tranche 1 ', 196723, 0, 3.85, -7574, 11.67, -22958),
	(2290, 1, 104, 58, 'COTISATION CAFAT RUAMM Tranche 2 ', 0, 0, 1.25, 0, 3.75, 0),
	(2291, 1, 104, 62, 'Accident du travail ', 196723, 0, 0, 0, 3.6, -7082),
	(2292, 1, 104, 64, 'Formation Professionnelle Continue ', 196723, 0, 0, 0, 0.7, -1377),
	(2293, 1, 104, 65, 'Fond Social de l\'Habitat ', 196723, 0, 0, 0, 2, -3934),
	(2294, 1, 104, 66, 'CCS ', 196723, 0, 1, -1967, 0, 0),
	(2295, 1, 104, 67, 'FIAF ', 196723, 0, 0, 0, 0.2, -393),
	(2296, 1, 104, 68, 'FDS Financement Dialogue Social ', 196723, 0, 0, 0, 0.075, -148),
	(2297, 1, 104, 71, 'C.R.E. Tranche 1 - non cadre ', 196723, 0, 3.1, -6098, 4.65, -9148),
	(2298, 1, 104, 72, 'AGFF Tranche 1 ', 196723, 0, 0.8, -1574, 1.2, -2361),
	(2299, 1, 104, 75, 'C.R.E. Tranche 2 - non cadre ', 0, 0, 8.1, 0, 12.15, 0),
	(2300, 1, 104, 77, 'TOTAL DES RETENUES SUR LE BRUT ', 0, 0, 0, -26144, 0, -81434),
	(2301, 1, 104, 78, 'NET IMPOSABLE ', 0, 0, 0, 170579, 0, 0),
	(2302, 1, 104, 83, 'Acompte', 40000, 1, 0, -40000, 0, 0),
	(2303, 1, 104, 90, 'NET A PAYER ', 0, 0, 0, 130579, 0, 0),
	(2304, 1, 105, 1, 'Salaire de base', 1093.669, 177, 0, 193579, 0, 0),
	(2305, 1, 105, 11, 'Heures majorées à 25%', 1093.669, 5.5, 125, 7519, 0, 0),
	(2306, 1, 105, 12, 'Heure de trajet 50%', 1093.669, 17, 50, 9296, 0, 0),
	(2307, 1, 105, 76, 'ASSIETTE C.E.S.', 0, 0, 0, 210394, 0, 0),
	(2308, 1, 105, 43, 'Indemnité de congés payés ', 201098, 0, 10, 20110, 0, 0),
	(2309, 1, 105, 50, 'BRUT SOUMIS A COTISATIONS ', 0, 0, 0, 230504, 0, 0),
	(2310, 1, 105, 51, 'Indemnité Forfaitaire si déplacement ', 6000, 13, 0, 78000, 0, 0),
	(2311, 1, 105, 52, 'Prime de panier ', 915, 5, 0, 4575, 0, 0),
	(2312, 1, 105, 55, 'SALAIRE BRUT ', 0, 0, 0, 313079, 0, 0),
	(2313, 1, 105, 56, 'Cotisations CAFAT ', 230504, 0, 4.54, -10465, 17.3, -39877),
	(2314, 1, 105, 57, 'COTISATION CAFAT RUAMM Tranche 1 ', 230504, 0, 3.85, -8874, 11.67, -26900),
	(2315, 1, 105, 58, 'COTISATION CAFAT RUAMM Tranche 2 ', 0, 0, 1.25, 0, 3.75, 0),
	(2316, 1, 105, 64, 'Formation Professionnelle Continue ', 230504, 0, 0, 0, 0.7, -1614),
	(2317, 1, 105, 65, 'Fond Social de l\'Habitat ', 230504, 0, 0, 0, 2, -4610),
	(2318, 1, 105, 66, 'CCS ', 230504, 0, 1, -2305, 0, 0),
	(2319, 1, 105, 67, 'FIAF ', 230504, 0, 0, 0, 0.2, -461),
	(2320, 1, 105, 68, 'FDS Financement Dialogue Social ', 230504, 0, 0, 0, 0.075, -173),
	(2321, 1, 105, 71, 'C.R.E. Tranche 1 - non cadre ', 230504, 0, 3.1, -7146, 4.65, -10718),
	(2322, 1, 105, 72, 'AGFF Tranche 1 ', 230504, 0, 0.8, -1844, 1.2, -2766),
	(2323, 1, 105, 75, 'C.R.E. Tranche 2 - non cadre ', 0, 0, 8.1, 0, 12.15, 0),
	(2324, 1, 105, 77, 'TOTAL DES RETENUES SUR LE BRUT ', 0, 0, 0, -30634, 0, -95417),
	(2325, 1, 105, 78, 'NET IMPOSABLE ', 0, 0, 0, 199870, 0, 0),
	(2326, 1, 105, 85, 'Avance sur frais de déplacement', 6000, 3, 0, -18000, 0, 0),
	(2327, 2, 105, 85, 'Avance sur frais de déplacement', 6000, 3, 0, -18000, 0, 0),
	(2328, 3, 105, 85, 'Avance sur frais de déplacement', 6000, 3, 0, -18000, 0, 0),
	(2329, 1, 105, 90, 'NET A PAYER ', 0, 0, 0, 228445, 0, 0),
	(2330, 1, 106, 1, 'Salaire de base', 921.278, 169, 0, 155696, 0, 0),
	(2331, 1, 106, 76, 'ASSIETTE C.E.S.', 0, 0, 0, 160339, 0, 0),
	(2332, 1, 106, 50, 'BRUT SOUMIS A COTISATIONS ', 0, 0, 0, 177828, 0, 0),
	(2333, 1, 106, 55, 'SALAIRE BRUT ', 0, 0, 0, 180573, 0, 0),
	(2334, 1, 106, 56, 'Cotisations CAFAT ', 177828, 0, 4.54, -8073, 17.3, -30764),
	(2335, 1, 106, 57, 'COTISATION CAFAT RUAMM Tranche 1 ', 177828, 0, 3.85, -6846, 11.67, -20753),
	(2336, 1, 106, 58, 'COTISATION CAFAT RUAMM Tranche 2 ', 0, 0, 1.25, 0, 3.75, 0),
	(2337, 1, 106, 62, 'Accident du travail ', 177828, 0, 0, 0, 3.6, -6402),
	(2338, 1, 106, 64, 'Formation Professionnelle Continue ', 177828, 0, 0, 0, 0.7, -1245),
	(2339, 1, 106, 65, 'Fond Social de l\'Habitat ', 177828, 0, 0, 0, 2, -3557),
	(2340, 1, 106, 66, 'CCS ', 177828, 0, 1, -1778, 0, 0),
	(2341, 1, 106, 71, 'C.R.E. Tranche 1 - non cadre ', 177828, 0, 3.1, -5513, 4.65, -8269),
	(2342, 1, 106, 72, 'AGFF Tranche 1 ', 177828, 0, 0.8, -1423, 1.2, -2134),
	(2343, 1, 106, 75, 'C.R.E. Tranche 2 - non cadre ', 0, 0, 8.1, 0, 12.15, 0),
	(2344, 1, 106, 77, 'TOTAL DES RETENUES SUR LE BRUT ', 0, 0, 0, -23633, 0, -73613),
	(2345, 1, 106, 78, 'NET IMPOSABLE ', 0, 0, 0, 154195, 0, 0),
	(2346, 1, 106, 90, 'NET A PAYER ', 0, 0, 0, 116940, 0, 0),
	(2347, 1, 107, 1, 'Salaire de base', 921.278, 42, 0, 38694, 0, 0),
	(2348, 1, 107, 4, 'Heures de nuit à 15%', 921.278, 114, 115, 120780, 0, 0),
	(2349, 1, 107, 11, 'Heures majorées à 25%', 921.278, 25, 125, 28790, 0, 0),
	(2350, 1, 107, 12, 'Heures majorées à 50 %', 921.278, 31, 150, 42839, 0, 0),
	(2351, 11, 107, 29, 'Repos compensateur payé 20%', 921.278, 9.4, 20, 1732, 0, 0),
	(2352, 1, 107, 76, 'ASSIETTE C.E.S.', 0, 0, 0, 232835, 0, 0),
	(2353, 1, 107, 43, 'Indemnité de congés payés ', 232836, 0, 10, 23284, 0, 0),
	(2354, 1, 107, 50, 'BRUT SOUMIS A COTISATIONS ', 0, 0, 0, 256119, 0, 0),
	(2355, 1, 107, 55, 'SALAIRE BRUT ', 0, 0, 0, 256119, 0, 0),
	(2356, 1, 107, 56, 'Cotisations CAFAT ', 256119, 0, 4.54, -11628, 17.3, -44309),
	(2357, 1, 107, 57, 'COTISATION CAFAT RUAMM Tranche 1 ', 256119, 0, 3.85, -9861, 11.67, -29889),
	(2358, 1, 107, 58, 'COTISATION CAFAT RUAMM Tranche 2 ', 0, 0, 1.25, 0, 3.75, 0),
	(2359, 1, 107, 62, 'Accident du travail ', 256119, 0, 0, 0, 3.6, -9220),
	(2360, 1, 107, 64, 'Formation Professionnelle Continue ', 256119, 0, 0, 0, 0.7, -1793),
	(2361, 1, 107, 65, 'Fond Social de l\'Habitat ', 256119, 0, 0, 0, 2, -5122),
	(2362, 1, 107, 66, 'CCS ', 256119, 0, 1, -2561, 0, 0),
	(2363, 1, 107, 67, 'FIAF ', 256119, 0, 0, 0, 0.2, -512),
	(2364, 1, 107, 68, 'FDS Financement Dialogue Social ', 256119, 0, 0, 0, 0.075, -192),
	(2365, 1, 107, 71, 'C.R.E. Tranche 1 - non cadre ', 256119, 0, 3.1, -7940, 4.65, -11910),
	(2366, 1, 107, 72, 'AGFF Tranche 1 ', 256119, 0, 0.8, -2049, 1.2, -3073),
	(2367, 1, 107, 75, 'C.R.E. Tranche 2 - non cadre ', 0, 0, 8.1, 0, 12.15, 0),
	(2368, 1, 107, 77, 'TOTAL DES RETENUES SUR LE BRUT ', 0, 0, 0, -34039, 0, -106020),
	(2369, 1, 107, 78, 'NET IMPOSABLE ', 0, 0, 0, 222080, 0, 0),
	(2370, 1, 107, 83, 'Acompte', 60000, 1, 0, -60000, 0, 0),
	(2371, 1, 107, 90, 'NET A PAYER ', 0, 0, 0, 162080, 0, 0),
	(2372, 1, 108, 62, 'Accident du travail ', 205080, 0, 0, 0, 3.6, -7383),
	(2373, 1, 108, 64, 'Formation Professionnelle Continue ', 205080, 0, 0, 0, 0.7, -1436),
	(2374, 1, 108, 65, 'Fond Social de l\'Habitat ', 205080, 0, 0, 0, 2, -4102),
	(2375, 1, 108, 66, 'CCS ', 205080, 0, 1, -2051, 0, 0),
	(2376, 1, 108, 67, 'FIAF ', 205080, 0, 0, 0, 0.2, -410),
	(2377, 1, 108, 68, 'FDS Financement Dialogue Social ', 205080, 0, 0, 0, 0.075, -154),
	(2378, 1, 108, 71, 'C.R.E. Tranche 1 - non cadre ', 205080, 0, 3.1, -6357, 4.65, -9536),
	(2379, 1, 108, 72, 'AGFF Tranche 1 ', 205080, 0, 0.8, -1641, 1.2, -2461),
	(2380, 1, 108, 75, 'C.R.E. Tranche 2 - non cadre ', 0, 0, 8.1, 0, 12.15, 0),
	(2381, 1, 108, 77, 'TOTAL DES RETENUES SUR LE BRUT ', 0, 0, 0, -27256, 0, -84894),
	(2382, 1, 108, 78, 'NET IMPOSABLE ', 0, 0, 0, 177824, 0, 0),
	(2383, 1, 108, 83, 'Acompte', 20000, 1, 0, -20000, 0, 0),
	(2384, 1, 108, 90, 'NET A PAYER ', 0, 0, 0, 168804, 0, 0),
	(2385, 1, 108, 1, 'Salaire de base', 926.44, 150, 0, 138966, 0, 0),
	(2386, 1, 108, 2, 'Jour férié / chômé ', 926.44, 8, 0, 7412, 0, 0),
	(2387, 1, 108, 11, 'Heures majorées à 25%', 926.44, 11, 125, 12739, 0, 0),
	(2388, 11, 108, 29, 'Repos compensateur payé 20%', 926.44, 0.4, 20, 74, 0, 0),
	(2389, 1, 108, 76, 'ASSIETTE C.E.S.', 0, 0, 0, 159191, 0, 0),
	(2390, 2, 108, 32, 'Prime four aspiration', 1050, 7, 0, 7350, 0, 0),
	(2391, 1, 108, 41, 'Prime de salissure ', 1050, 20, 0, 21000, 0, 0),
	(2392, 1, 108, 43, 'Indemnité de congés payés ', 159189, 0, 10, 15919, 0, 0),
	(2393, 1, 108, 47, 'Prime de panier ', 135, 12, 0, 1620, 0, 0),
	(2394, 1, 108, 50, 'BRUT SOUMIS A COTISATIONS ', 0, 0, 0, 205080, 0, 0),
	(2395, 1, 108, 52, 'Prime de panier ', 915, 12, 0, 10980, 0, 0),
	(2396, 1, 108, 55, 'SALAIRE BRUT ', 0, 0, 0, 216060, 0, 0),
	(2397, 1, 108, 56, 'Cotisations CAFAT ', 205080, 0, 4.54, -9311, 17.3, -35479),
	(2398, 1, 108, 57, 'COTISATION CAFAT RUAMM Tranche 1 ', 205080, 0, 3.85, -7896, 11.67, -23933),
	(2399, 1, 108, 58, 'COTISATION CAFAT RUAMM Tranche 2 ', 0, 0, 1.25, 0, 3.75, 0),
	(2400, 1, 109, 1, 'Salaire de base', 1173.302, 163, 0, 191248, 0, 0),
	(2401, 1, 109, 11, 'Heures majorées à 25%', 1173.302, 6, 125, 8800, 0, 0),
	(2402, 1, 109, 46, 'ASSIETTE C.E.S.', 0, 0, 0, 200048, 0, 0),
	(2403, 7, 109, 36, 'Prime de nuisance ', 8763, 1, 0, 8763, 0, 0),
	(2404, 1, 109, 43, 'Indemnité de congés payés ', 200048, 0, 10, 20005, 0, 0),
	(2405, 1, 109, 44, 'Indemnité de précarité ', 220053, 0, 15, 33008, 0, 0),
	(2406, 1, 109, 50, 'BRUT SOUMIS A COTISATIONS ', 0, 0, 0, 261824, 0, 0),
	(2407, 1, 109, 52, 'Indemnité de panier ', 918, 21, 0, 19278, 0, 0),
	(2408, 1, 109, 55, 'SALAIRE BRUT ', 0, 0, 0, 281102, 0, 0),
	(2409, 1, 109, 56, 'Cotisations CAFAT ', 261824, 0, 4.54, -11887, 17.3, -45296),
	(2410, 1, 109, 57, 'COTISATION CAFAT RUAMM Tranche 1 ', 261824, 0, 3.85, -10080, 11.67, -30555),
	(2411, 1, 109, 58, 'COTISATION CAFAT RUAMM Tranche 2 ', 0, 0, 1.25, 0, 3.75, 0),
	(2412, 1, 109, 62, 'Accident du travail ', 261824, 0, 0, 0, 3.6, -9426),
	(2413, 1, 109, 64, 'Formation Professionnelle Continue ', 261824, 0, 0, 0, 0.7, -1833),
	(2414, 1, 109, 65, 'Fond Social de l\'Habitat ', 261824, 0, 0, 0, 2, -5236),
	(2415, 1, 109, 66, 'CCS ', 261824, 0, 1, -2618, 0, 0),
	(2416, 1, 109, 67, 'FIAF ', 261824, 0, 0, 0, 0.2, -524),
	(2417, 1, 109, 68, 'FDS Financement Dialogue Social ', 261824, 0, 0, 0, 0.075, -196),
	(2418, 1, 109, 71, 'Retraite Agirc-Arrco T1 ', 261824, 0, 3.15, -8247, 4.72, -12358),
	(2419, 1, 109, 72, 'Retraite CEG T1 ', 261824, 0, 0.75, -1964, 1.13, -2959),
	(2420, 1, 109, 73, 'Retraite Agirc-Arrco T2', 0, 0, 8.64, 0, 12.95, 0),
	(2421, 1, 109, 75, 'Retraite CEG T2', 0, 0, 0.46, 0, 0.7, 0),
	(2422, 1, 109, 77, 'TOTAL DES RETENUES SUR LE BRUT ', 0, 0, 0, -34796, 0, -108383),
	(2423, 1, 109, 78, 'NET IMPOSABLE ', 0, 0, 0, 194020, 0, 0),
	(2424, 1, 109, 83, 'Acompte', 40000, 1, 0, -40000, 0, 0),
	(2425, 1, 109, 90, 'NET A PAYER ', 0, 0, 0, 206306, 0, 0),
	(2426, 1, 110, 1, 'Salaire de base', 926.44, 164, 0, 151936, 0, 0),
	(2427, 1, 110, 2, 'Jour férié / chômé ', 926.44, 8, 0, 7412, 0, 0),
	(2428, 1, 110, 76, 'ASSIETTE C.E.S.', 0, 0, 0, 159348, 0, 0),
	(2429, 1, 110, 43, 'Indemnité de congés payés ', 159348, 0, 10, 15935, 0, 0),
	(2430, 1, 110, 50, 'BRUT SOUMIS A COTISATIONS ', 0, 0, 0, 175283, 0, 0),
	(2431, 1, 110, 55, 'SALAIRE BRUT ', 0, 0, 0, 175283, 0, 0),
	(2432, 1, 110, 56, 'Cotisations CAFAT ', 175283, 0, 4.54, -7958, 17.3, -30324),
	(2433, 1, 110, 57, 'COTISATION CAFAT RUAMM Tranche 1 ', 175283, 0, 3.85, -6748, 11.67, -20456),
	(2434, 1, 110, 58, 'COTISATION CAFAT RUAMM Tranche 2 ', 0, 0, 1.25, 0, 3.75, 0),
	(2435, 1, 110, 62, 'Accident du Travail ', 175283, 0, 0, 0, 0.72, -1262),
	(2436, 1, 110, 64, 'Formation Professionnelle Continue ', 175283, 0, 0, 0, 0.7, -1227),
	(2437, 1, 110, 65, 'Fond Social de l\'Habitat ', 175283, 0, 0, 0, 2, -3506),
	(2438, 1, 110, 66, 'CCS ', 175283, 0, 1, -1753, 0, 0),
	(2439, 1, 110, 67, 'FIAF ', 175283, 0, 0, 0, 0.2, -351),
	(2440, 1, 110, 68, 'FDS Financement Dialogue Social ', 175283, 0, 0, 0, 0.075, -131),
	(2441, 1, 110, 71, 'Retraite Agirc-Arrco T1 ', 175283, 0, 3.15, -5521, 4.72, -8273),
	(2442, 1, 110, 72, 'Retraite CEG T1 ', 175283, 0, 0.75, -1315, 1.13, -1981),
	(2443, 1, 110, 73, 'Retraite Agirc-Arrco T2', 0, 0, 8.64, 0, 12.95, 0),
	(2444, 1, 110, 75, 'Retraite CEG T2', 0, 0, 0.46, 0, 0.7, 0),
	(2445, 1, 110, 77, 'TOTAL DES RETENUES SUR LE BRUT ', 0, 0, 0, -23295, 0, -67511),
	(2446, 1, 110, 78, 'NET IMPOSABLE ', 0, 0, 0, 151988, 0, 0),
	(2447, 1, 110, 83, 'Acompte', 35000, 1, 0, -35000, 0, 0),
	(2448, 1, 110, 90, 'NET A PAYER ', 0, 0, 0, 116988, 0, 0),
	(2449, 1, 111, 1, 'Salaire de base', 1173.302, 167, 0, 195941, 0, 0),
	(2450, 1, 111, 11, 'Heures majorées à 25%', 1173.302, 5, 125, 7333, 0, 0),
	(2451, 1, 111, 76, 'ASSIETTE C.E.S.', 0, 0, 0, 203274, 0, 0),
	(2452, 8, 111, 36, 'Prime de nuisance ', 8762, 1, 0, 8762, 0, 0),
	(2453, 1, 111, 43, 'Indemnité de congés payés ', 203275, 0, 10, 20328, 0, 0),
	(2454, 1, 111, 50, 'BRUT SOUMIS A COTISATIONS ', 0, 0, 0, 232364, 0, 0),
	(2455, 1, 111, 52, 'Indemnité de panier ', 918, 20, 0, 18360, 0, 0),
	(2456, 1, 111, 55, 'SALAIRE BRUT ', 0, 0, 0, 250724, 0, 0),
	(2457, 1, 111, 56, 'Cotisations CAFAT ', 232364, 0, 4.54, -10549, 17.3, -40199),
	(2458, 1, 111, 57, 'COTISATION CAFAT RUAMM Tranche 1 ', 232364, 0, 3.85, -8946, 11.67, -27117),
	(2459, 1, 111, 58, 'COTISATION CAFAT RUAMM Tranche 2 ', 0, 0, 1.25, 0, 3.75, 0),
	(2460, 1, 111, 62, 'Accident du travail ', 232364, 0, 0, 0, 3.6, -8365),
	(2461, 1, 111, 64, 'Formation Professionnelle Continue ', 232364, 0, 0, 0, 0.7, -1627),
	(2462, 1, 111, 65, 'Fond Social de l\'Habitat ', 232364, 0, 0, 0, 2, -4647),
	(2463, 1, 111, 67, 'FIAF ', 232364, 0, 0, 0, 0.2, -465),
	(2464, 1, 111, 68, 'FDS Financement Dialogue Social ', 232364, 0, 0, 0, 0.075, -174),
	(2465, 1, 111, 71, 'Retraite Agirc-Arrco T1 ', 232364, 0, 3.15, -7319, 4.72, -10968),
	(2466, 1, 111, 72, 'Retraite CEG T1 ', 232364, 0, 0.75, -1743, 1.13, -2626),
	(2467, 1, 111, 73, 'Retraite Agirc-Arrco T2', 0, 0, 8.64, 0, 12.95, 0),
	(2468, 1, 111, 75, 'Retraite CEG T2', 0, 0, 0.46, 0, 0.7, 0),
	(2469, 1, 111, 77, 'TOTAL DES RETENUES SUR LE BRUT ', 0, 0, 0, -30881, 0, -96188),
	(2470, 1, 111, 78, 'NET IMPOSABLE ', 0, 0, 0, 201483, 0, 0),
	(2471, 1, 111, 83, 'Acompte', 40000, 1, 0, -40000, 0, 0),
	(2472, 1, 111, 90, 'NET A PAYER ', 0, 0, 0, 179843, 0, 0),
	(2473, 1, 112, 71, 'Retraite Agirc-Arrco T1 ', 182416, 0, 3.15, -5746, 4.72, -8610),
	(2474, 1, 112, 72, 'Retraite CEG T1 ', 182416, 0, 0.75, -1368, 1.13, -2061),
	(2475, 1, 112, 73, 'Retraite Agirc-Arrco T2', 0, 0, 8.64, 0, 12.95, 0),
	(2476, 1, 112, 75, 'Retraite CEG T2', 0, 0, 0.46, 0, 0.7, 0),
	(2477, 1, 112, 77, 'TOTAL DES RETENUES SUR LE BRUT ', 0, 0, 0, -24243, 0, -70257),
	(2478, 1, 112, 78, 'NET IMPOSABLE ', 0, 0, 0, 158173, 0, 0),
	(2479, 1, 112, 83, 'Acompte', 35000, 1, 0, -35000, 0, 0),
	(2480, 1, 112, 90, 'NET A PAYER ', 0, 0, 0, 123173, 0, 0),
	(2481, 1, 112, 1, 'Salaire de base', 926.44, 171, 0, 158421, 0, 0),
	(2482, 1, 112, 2, 'Jour férié / chômé ', 926.44, 8, 0, 7412, 0, 0),
	(2483, 1, 112, 76, 'ASSIETTE C.E.S.', 0, 0, 0, 165833, 0, 0),
	(2484, 1, 112, 43, 'Indemnité de congés payés ', 165833, 0, 10, 16583, 0, 0),
	(2485, 1, 112, 50, 'BRUT SOUMIS A COTISATIONS ', 0, 0, 0, 182416, 0, 0),
	(2486, 1, 112, 55, 'SALAIRE BRUT ', 0, 0, 0, 182416, 0, 0),
	(2487, 1, 112, 56, 'Cotisations CAFAT ', 182416, 0, 4.54, -8282, 17.3, -31558),
	(2488, 1, 112, 57, 'COTISATION CAFAT RUAMM Tranche 1 ', 182416, 0, 3.85, -7023, 11.67, -21288),
	(2489, 1, 112, 58, 'COTISATION CAFAT RUAMM Tranche 2 ', 0, 0, 1.25, 0, 3.75, 0),
	(2490, 1, 112, 62, 'Accident du Travail ', 182416, 0, 0, 0, 0.72, -1313),
	(2491, 1, 112, 64, 'Formation Professionnelle Continue ', 182416, 0, 0, 0, 0.7, -1277),
	(2492, 1, 112, 65, 'Fond Social de l\'Habitat ', 182416, 0, 0, 0, 2, -3648),
	(2493, 1, 112, 66, 'CCS ', 182416, 0, 1, -1824, 0, 0),
	(2494, 1, 112, 67, 'FIAF ', 182416, 0, 0, 0, 0.2, -365),
	(2495, 1, 112, 68, 'FDS Financement Dialogue Social ', 182416, 0, 0, 0, 0.075, -137),
	(2496, 1, 113, 71, 'Retraite Agirc-Arrco T1 ', 354427, 0, 3.15, -11164, 4.72, -16729),
	(2497, 1, 113, 72, 'Retraite CEG T1 ', 354427, 0, 0.75, -2658, 1.13, -4005),
	(2498, 1, 113, 73, 'Retraite Agirc-Arrco T2', 0, 0, 8.64, 0, 12.95, 0),
	(2499, 1, 113, 75, 'Retraite CEG T2', 0, 0, 0.46, 0, 0.7, 0),
	(2500, 1, 113, 77, 'TOTAL DES RETENUES SUR LE BRUT ', 0, 0, 0, -47102, 0, -145765),
	(2501, 1, 113, 78, 'NET IMPOSABLE ', 0, 0, 0, 211550, 0, 0),
	(2502, 2, 113, 83, 'Acompte', 5000, 1, 0, -5000, 0, 0),
	(2503, 1, 113, 83, 'Acompte', 70000, 1, 0, -70000, 0, 0),
	(2504, 1, 113, 90, 'NET A PAYER ', 0, 0, 0, 232325, 0, 0),
	(2505, 1, 113, 1, 'Salaire de base', 1254.781, 158, 0, 198255, 0, 0),
	(2506, 1, 113, 2, 'Jour férié / chômé ', 1254.781, 8, 0, 10038, 0, 0),
	(2507, 1, 113, 11, 'Heures majorées à 25%', 1254.781, 15.5, 125, 24311, 0, 0),
	(2508, 1, 113, 12, 'Heures majorées à 50 %', 1254.781, 1, 150, 1882, 0, 0),
	(2509, 11, 113, 29, 'Repos compensateur payé 20%', 1254.781, 2.6, 20, 652, 0, 0),
	(2510, 1, 113, 76, 'ASSIETTE C.E.S.', 0, 0, 0, 235138, 0, 0),
	(2511, 1, 113, 43, 'Indemnité de congés payés ', 235137, 0, 10, 23514, 0, 0),
	(2512, 1, 113, 44, 'Indemnité de précarité ', 638499, 0, 15, 95775, 0, 0),
	(2513, 1, 113, 50, 'BRUT SOUMIS A COTISATIONS ', 0, 0, 0, 354427, 0, 0),
	(2514, 1, 113, 55, 'SALAIRE BRUT ', 0, 0, 0, 354427, 0, 0),
	(2515, 1, 113, 56, 'Cotisations CAFAT ', 354427, 0, 4.54, -16091, 17.3, -61316),
	(2516, 1, 113, 57, 'COTISATION CAFAT RUAMM Tranche 1 ', 354427, 0, 3.85, -13645, 11.67, -41362),
	(2517, 1, 113, 58, 'COTISATION CAFAT RUAMM Tranche 2 ', 0, 0, 1.25, 0, 3.75, 0),
	(2518, 1, 113, 62, 'Accident du travail ', 354427, 0, 0, 0, 3.6, -12759),
	(2519, 1, 113, 64, 'Formation Professionnelle Continue ', 354427, 0, 0, 0, 0.7, -2481),
	(2520, 1, 113, 65, 'Fond Social de l\'Habitat ', 306900, 0, 0, 0, 2, -6138),
	(2521, 1, 113, 66, 'CCS ', 354427, 0, 1, -3544, 0, 0),
	(2522, 1, 113, 67, 'FIAF ', 354427, 0, 0, 0, 0.2, -709),
	(2523, 1, 113, 68, 'FDS Financement Dialogue Social ', 354427, 0, 0, 0, 0.075, -266),
	(2524, 1, 114, 1, 'Salaire de base', 926.44, 180, 0, 166759, 0, 0),
	(2525, 1, 114, 76, 'ASSIETTE C.E.S.', 0, 0, 0, 166759, 0, 0),
	(2526, 1, 114, 43, 'Indemnité de congés payés ', 166759, 0, 10, 16676, 0, 0),
	(2527, 1, 114, 50, 'BRUT SOUMIS A COTISATIONS ', 0, 0, 0, 183435, 0, 0),
	(2528, 1, 114, 55, 'SALAIRE BRUT ', 0, 0, 0, 183435, 0, 0),
	(2529, 1, 114, 56, 'Cotisations CAFAT ', 183435, 0, 4.54, -8328, 17.3, -31734),
	(2530, 1, 114, 57, 'COTISATION CAFAT RUAMM Tranche 1 ', 183435, 0, 3.85, -7062, 11.67, -21407),
	(2531, 1, 114, 58, 'COTISATION CAFAT RUAMM Tranche 2 ', 0, 0, 1.25, 0, 3.75, 0),
	(2532, 1, 114, 62, 'Accident du Travail ', 183435, 0, 0, 0, 0.72, -1321),
	(2533, 1, 114, 64, 'Formation Professionnelle Continue ', 183435, 0, 0, 0, 0.7, -1284),
	(2534, 1, 114, 65, 'Fond Social de l\'Habitat ', 183435, 0, 0, 0, 2, -3669),
	(2535, 1, 114, 66, 'CCS ', 183435, 0, 1, -1834, 0, 0),
	(2536, 1, 114, 67, 'FIAF ', 183435, 0, 0, 0, 0.2, -367),
	(2537, 1, 114, 68, 'FDS Financement Dialogue Social ', 183435, 0, 0, 0, 0.075, -138),
	(2538, 1, 114, 71, 'Retraite Agirc-Arrco T1 ', 183435, 0, 3.15, -5778, 4.72, -8658),
	(2539, 1, 114, 72, 'Retraite CEG T1 ', 183435, 0, 0.75, -1376, 1.13, -2073),
	(2540, 1, 114, 73, 'Retraite Agirc-Arrco T2', 0, 0, 8.64, 0, 12.95, 0),
	(2541, 1, 114, 75, 'Retraite CEG T2', 0, 0, 0.46, 0, 0.7, 0),
	(2542, 1, 114, 77, 'TOTAL DES RETENUES SUR LE BRUT ', 0, 0, 0, -24378, 0, -70651),
	(2543, 1, 114, 78, 'NET IMPOSABLE ', 0, 0, 0, 159057, 0, 0),
	(2544, 1, 114, 83, 'Acompte', 50000, 1, 0, -50000, 0, 0),
	(2545, 1, 114, 86, 'Avance sur frais ', 3066, 1, 0, -3066, 0, 0),
	(2546, 1, 114, 90, 'NET A PAYER ', 0, 0, 0, 105991, 0, 0),
	(2547, 1, 115, 1, 'Salaire de base', 1254.781, 180, 0, 225861, 0, 0),
	(2548, 1, 115, 11, 'Heures majorées à 25%', 1254.781, 26, 125, 40780, 0, 0),
	(2549, 1, 115, 12, 'Heures majorées à 50 %', 1254.781, 1, 150, 1882, 0, 0),
	(2550, 11, 115, 29, 'Repos compensateur payé 20%', 1254.781, 3, 20, 753, 0, 0),
	(2551, 1, 115, 76, 'ASSIETTE C.E.S.', 0, 0, 0, 269276, 0, 0),
	(2552, 1, 115, 43, 'Indemnité de congés payés ', 269274, 0, 10, 26927, 0, 0),
	(2553, 1, 115, 44, 'Indemnité de précarité ', 461831, 0, 15, 69275, 0, 0),
	(2554, 1, 115, 50, 'BRUT SOUMIS A COTISATIONS ', 0, 0, 0, 365478, 0, 0),
	(2555, 1, 115, 55, 'SALAIRE BRUT ', 0, 0, 0, 365478, 0, 0),
	(2556, 1, 115, 56, 'Cotisations CAFAT ', 363700, 0, 4.54, -16512, 17.3, -62920),
	(2557, 1, 115, 57, 'COTISATION CAFAT RUAMM Tranche 1 ', 365478, 0, 3.85, -14071, 11.67, -42651),
	(2558, 1, 115, 58, 'COTISATION CAFAT RUAMM Tranche 2 ', 0, 0, 1.25, 0, 3.75, 0),
	(2559, 1, 115, 62, 'Accident du travail ', 363700, 0, 0, 0, 3.6, -13093),
	(2560, 1, 115, 64, 'Formation Professionnelle Continue ', 365478, 0, 0, 0, 0.7, -2558),
	(2561, 1, 115, 65, 'Fond Social de l\'Habitat ', 306900, 0, 0, 0, 2, -6138),
	(2562, 1, 115, 66, 'CCS ', 365478, 0, 1, -3655, 0, 0),
	(2563, 1, 115, 67, 'FIAF ', 365478, 0, 0, 0, 0.2, -731),
	(2564, 1, 115, 68, 'FDS Financement Dialogue Social ', 363700, 0, 0, 0, 0.075, -273),
	(2565, 1, 115, 71, 'Retraite Agirc-Arrco T1 ', 365478, 0, 3.15, -11513, 4.72, -17251),
	(2566, 1, 115, 72, 'Retraite CEG T1 ', 365478, 0, 0.75, -2741, 1.13, -4130),
	(2567, 1, 115, 73, 'Retraite Agirc-Arrco T2', 0, 0, 8.64, 0, 12.95, 0),
	(2568, 1, 115, 75, 'Retraite CEG T2', 0, 0, 0.46, 0, 0.7, 0),
	(2569, 1, 115, 77, 'TOTAL DES RETENUES SUR LE BRUT ', 0, 0, 0, -48492, 0, -149745),
	(2570, 1, 115, 78, 'NET IMPOSABLE ', 0, 0, 0, 247711, 0, 0),
	(2571, 1, 115, 83, 'Acompte', 70000, 1, 0, -70000, 0, 0),
	(2572, 2, 115, 83, 'Acompte', 10000, 1, 0, -10000, 0, 0),
	(2573, 1, 115, 90, 'NET A PAYER ', 0, 0, 0, 236986, 0, 0),
	(2574, 1, 116, 1, 'Salaire de base', 926.44, 171, 0, 158421, 0, 0),
	(2575, 1, 116, 76, 'ASSIETTE C.E.S.', 0, 0, 0, 158421, 0, 0),
	(2576, 1, 116, 43, 'Indemnité de congés payés ', 158421, 0, 10, 15842, 0, 0),
	(2577, 1, 116, 50, 'BRUT SOUMIS A COTISATIONS ', 0, 0, 0, 174263, 0, 0),
	(2578, 1, 116, 55, 'SALAIRE BRUT ', 0, 0, 0, 174263, 0, 0),
	(2579, 1, 116, 56, 'Cotisations CAFAT ', 174263, 0, 4.54, -7912, 17.3, -30147),
	(2580, 1, 116, 57, 'COTISATION CAFAT RUAMM Tranche 1 ', 174263, 0, 3.85, -6709, 11.67, -20336),
	(2581, 1, 116, 58, 'COTISATION CAFAT RUAMM Tranche 2 ', 0, 0, 1.25, 0, 3.75, 0),
	(2582, 1, 116, 62, 'Accident du Travail ', 174263, 0, 0, 0, 0.72, -1255),
	(2583, 1, 116, 64, 'Formation Professionnelle Continue ', 174263, 0, 0, 0, 0.7, -1220),
	(2584, 1, 116, 65, 'Fond Social de l\'Habitat ', 174263, 0, 0, 0, 2, -3485),
	(2585, 1, 116, 66, 'CCS ', 174263, 0, 1, -1743, 0, 0),
	(2586, 1, 116, 67, 'FIAF ', 174263, 0, 0, 0, 0.2, -349),
	(2587, 1, 116, 68, 'FDS Financement Dialogue Social ', 174263, 0, 0, 0, 0.075, -131),
	(2588, 1, 116, 71, 'Retraite Agirc-Arrco T1 ', 174263, 0, 3.15, -5489, 4.72, -8225),
	(2589, 1, 116, 72, 'Retraite CEG T1 ', 174263, 0, 0.75, -1307, 1.13, -1969),
	(2590, 1, 116, 73, 'Retraite Agirc-Arrco T2', 0, 0, 8.64, 0, 12.95, 0),
	(2591, 1, 116, 75, 'Retraite CEG T2', 0, 0, 0.46, 0, 0.7, 0),
	(2592, 1, 116, 77, 'TOTAL DES RETENUES SUR LE BRUT ', 0, 0, 0, -23160, 0, -67117),
	(2593, 1, 116, 78, 'NET IMPOSABLE ', 0, 0, 0, 151103, 0, 0),
	(2594, 1, 116, 83, 'Acompte', 50000, 1, 0, -50000, 0, 0),
	(2595, 1, 116, 90, 'NET A PAYER ', 0, 0, 0, 101103, 0, 0),
	(2596, 1, 117, 1, 'Salaire de base ', 1254.781, 156, 0, 195746, 0, 0),
	(2597, 1, 117, 11, 'Heures majorées à 25%', 1254.781, 24, 125, 37643, 0, 0),
	(2598, 1, 117, 12, 'Heures majorées à 50 %', 1254.781, 8, 150, 15057, 0, 0),
	(2599, 11, 117, 29, 'Repos compensateur payé 20%', 1254.781, 4, 20, 1004, 0, 0),
	(2600, 1, 117, 76, 'ASSIETTE C.E.S.', 0, 0, 0, 249450, 0, 0),
	(2601, 1, 117, 43, 'Indemnité de congés payés ', 249449, 0, 10, 24945, 0, 0),
	(2602, 1, 117, 44, 'Indemnité de précarité ', 409715, 0, 15, 61457, 0, 0),
	(2603, 1, 117, 50, 'BRUT SOUMIS A COTISATIONS ', 0, 0, 0, 335852, 0, 0),
	(2604, 1, 117, 55, 'SALAIRE BRUT ', 0, 0, 0, 335852, 0, 0),
	(2605, 1, 117, 56, 'Cotisations CAFAT ', 335852, 0, 4.54, -15248, 17.3, -58102),
	(2606, 1, 117, 57, 'COTISATION CAFAT RUAMM Tranche 1 ', 335852, 0, 3.85, -12930, 11.67, -39194),
	(2607, 1, 117, 58, 'COTISATION CAFAT RUAMM Tranche 2 ', 0, 0, 1.25, 0, 3.75, 0),
	(2608, 1, 117, 62, 'Accident du travail ', 335852, 0, 0, 0, 3.6, -12091),
	(2609, 1, 117, 64, 'Formation Professionnelle Continue ', 335852, 0, 0, 0, 0.7, -2351),
	(2610, 1, 117, 65, 'Fond Social de l\'Habitat ', 306900, 0, 0, 0, 2, -6138),
	(2611, 1, 117, 66, 'CCS ', 335852, 0, 1, -3359, 0, 0),
	(2612, 1, 117, 67, 'FIAF ', 335852, 0, 0, 0, 0.2, -672),
	(2613, 1, 117, 68, 'FDS Financement Dialogue Social ', 335852, 0, 0, 0, 0.075, -252),
	(2614, 1, 117, 71, 'Retraite Agirc-Arrco T1 ', 335852, 0, 3.15, -10579, 4.72, -15852),
	(2615, 1, 117, 72, 'Retraite CEG T1 ', 335852, 0, 0.75, -2519, 1.13, -3795),
	(2616, 1, 117, 73, 'Retraite Agirc-Arrco T2', 0, 0, 8.64, 0, 12.95, 0),
	(2617, 1, 117, 75, 'Retraite CEG T2', 0, 0, 0.46, 0, 0.7, 0),
	(2618, 1, 117, 77, 'TOTAL DES RETENUES SUR LE BRUT ', 0, 0, 0, -44635, 0, -138447),
	(2619, 1, 117, 78, 'NET IMPOSABLE ', 0, 0, 0, 229760, 0, 0),
	(2620, 1, 117, 83, 'Acompte', 70000, 1, 0, -70000, 0, 0),
	(2621, 1, 117, 90, 'NET A PAYER ', 0, 0, 0, 221217, 0, 0),
	(2622, 11, 118, 29, 'Repos compensateur payé 20%', 926.44, 3.2, 20, 593, 0, 0),
	(2623, 1, 118, 76, 'ASSIETTE C.E.S.', 0, 0, 0, 166889, 0, 0),
	(2624, 1, 118, 39, 'Prime Nuitée', 1600, 11, 0, 17600, 0, 0),
	(2625, 1, 118, 43, 'Indemnité de congés payés ', 166886, 0, 10, 16689, 0, 0),
	(2626, 1, 118, 50, 'BRUT SOUMIS A COTISATIONS ', 0, 0, 0, 201178, 0, 0),
	(2627, 1, 118, 55, 'SALAIRE BRUT ', 0, 0, 0, 201178, 0, 0),
	(2628, 1, 118, 56, 'Cotisations CAFAT ', 201178, 0, 4.54, -9133, 17.3, -34804),
	(2629, 1, 118, 57, 'COTISATION CAFAT RUAMM Tranche 1 ', 201178, 0, 3.85, -7745, 11.67, -23477),
	(2630, 1, 118, 58, 'COTISATION CAFAT RUAMM Tranche 2 ', 0, 0, 1.25, 0, 3.75, 0),
	(2631, 1, 118, 62, 'Accident du travail ', 201178, 0, 0, 0, 3.6, -7242),
	(2632, 1, 118, 64, 'Formation Professionnelle Continue ', 201178, 0, 0, 0, 0.7, -1408),
	(2633, 1, 118, 65, 'Fond Social de l\'Habitat ', 201178, 0, 0, 0, 2, -4024),
	(2634, 1, 118, 66, 'CCS ', 201178, 0, 1, -2012, 0, 0),
	(2635, 1, 118, 67, 'FIAF', 201178, 0, 0, 0, 0.2, -402),
	(2636, 1, 118, 68, 'FDS Financement Dialogue Social ', 201178, 0, 0, 0, 0.075, -151),
	(2637, 1, 118, 71, 'Retraite Agirc-Arrco T1 ', 201178, 0, 3.15, -6337, 4.72, -9496),
	(2638, 1, 118, 72, 'Retraite CEG T1 ', 201178, 0, 0.75, -1509, 1.13, -2273),
	(2639, 1, 118, 73, 'Retraite Agirc-Arrco T2', 0, 0, 8.64, 0, 12.95, 0),
	(2640, 1, 118, 75, 'Retraite CEG T2', 0, 0, 0.46, 0, 0.7, 0),
	(2641, 1, 118, 77, 'TOTAL DES RETENUES SUR LE BRUT ', 0, 0, 0, -26736, 0, -83277),
	(2642, 1, 118, 78, 'NET IMPOSABLE ', 0, 0, 0, 174442, 0, 0),
	(2643, 1, 118, 83, 'Acompte', 40000, 1, 0, -40000, 0, 0),
	(2644, 1, 118, 90, 'NET A PAYER ', 0, 0, 0, 134442, 0, 0),
	(2645, 1, 118, 1, 'Salaire de base ', 926.44, 144.5, 0, 133871, 0, 0),
	(2646, 1, 118, 11, 'Heures majorées à 25%', 926.44, 28, 125, 32425, 0, 0),
	(2647, 1, 84, 76, 'ASSIETTE C.E.S.', 0, 0, 0, 201955, 0, 0),
	(2648, 15, 84, 36, 'Prime de nuisance ', 7719, 1, 0, 7719, 0, 0),
	(2649, 1, 84, 43, 'Indemnité de congés payés ', 201956, 0, 10, 20196, 0, 0),
	(2650, 1, 84, 50, 'BRUT SOUMIS A COTISATIONS ', 0, 0, 0, 229870, 0, 0),
	(2651, 1, 84, 52, 'Indemnité de panier ', 918, 21, 0, 19278, 0, 0),
	(2652, 1, 84, 55, 'SALAIRE BRUT ', 0, 0, 0, 249148, 0, 0),
	(2653, 1, 84, 56, 'Cotisations CAFAT ', 229870, 0, 4.54, -10436, 17.3, -39768),
	(2654, 1, 84, 57, 'COTISATION CAFAT RUAMM Tranche 1 ', 229870, 0, 3.85, -8850, 11.67, -26826),
	(2655, 1, 84, 58, 'COTISATION CAFAT RUAMM Tranche 2 ', 0, 0, 1.25, 0, 3.75, 0),
	(2656, 1, 84, 62, 'Accident du travail ', 229870, 0, 0, 0, 3.6, -8275),
	(2657, 1, 84, 64, 'Formation Professionnelle Continue ', 229870, 0, 0, 0, 0.7, -1609),
	(2658, 1, 84, 65, 'Fond Social de l\'Habitat ', 229870, 0, 0, 0, 2, -4597),
	(2659, 1, 84, 66, 'CCS ', 229870, 0, 1, -2299, 0, 0),
	(2660, 1, 84, 67, 'FIAF ', 229870, 0, 0, 0, 0.2, -460),
	(2661, 1, 84, 68, 'FDS Financement Dialogue Social ', 229870, 0, 0, 0, 0.075, -172),
	(2662, 1, 84, 71, 'Retraite Agirc-Arrco T1 ', 229870, 0, 3.15, -7241, 4.72, -10850),
	(2663, 1, 84, 72, 'Retraite CEG T1 ', 229870, 0, 0.75, -1724, 1.13, -2598),
	(2664, 1, 84, 73, 'Retraite Agirc-Arrco T2', 0, 0, 8.64, 0, 12.95, 0),
	(2665, 1, 84, 75, 'Retraite CEG T2', 0, 0, 0.46, 0, 0.7, 0),
	(2666, 1, 84, 77, 'TOTAL DES RETENUES SUR LE BRUT ', 0, 0, 0, -30550, 0, -95155),
	(2667, 1, 84, 78, 'NET IMPOSABLE ', 0, 0, 0, 199320, 0, 0),
	(2668, 1, 84, 83, 'Acompte', 40000, 1, 0, -40000, 0, 0),
	(2669, 1, 84, 90, 'NET A PAYER ', 0, 0, 0, 178598, 0, 0),
	(2670, 1, 84, 1, 'Salaire de base ', 1173.302, 166.5, 0, 195355, 0, 0),
	(2671, 1, 84, 11, 'Heures majorées à 25%', 1173.302, 4.5, 125, 6600, 0, 0),
	(2672, 1, 88, 76, 'ASSIETTE C.E.S.', 0, 0, 0, 166759, 0, 0),
	(2673, 1, 88, 43, 'Indemnité de congés payés ', 166759, 0, 10, 16676, 0, 0),
	(2674, 1, 88, 50, 'BRUT SOUMIS A COTISATIONS ', 0, 0, 0, 183435, 0, 0),
	(2675, 1, 88, 55, 'SALAIRE BRUT ', 0, 0, 0, 183435, 0, 0),
	(2676, 1, 88, 56, 'Cotisations CAFAT ', 183435, 0, 4.54, -8328, 17.3, -31734),
	(2677, 1, 88, 57, 'COTISATION CAFAT RUAMM Tranche 1 ', 183435, 0, 3.85, -7062, 11.67, -21407),
	(2678, 1, 88, 58, 'COTISATION CAFAT RUAMM Tranche 2 ', 0, 0, 1.25, 0, 3.75, 0),
	(2679, 1, 88, 62, 'Accident du Travail ', 183435, 0, 0, 0, 0.72, -1321),
	(2680, 1, 88, 64, 'Formation Professionnelle Continue ', 183435, 0, 0, 0, 0.7, -1284),
	(2681, 1, 88, 65, 'Fond Social de l\'Habitat ', 183435, 0, 0, 0, 2, -3669),
	(2682, 1, 88, 66, 'CCS ', 183435, 0, 1, -1834, 0, 0),
	(2683, 1, 88, 67, 'FIAF ', 183435, 0, 0, 0, 0.2, -367),
	(2684, 1, 88, 68, 'FDS Financement Dialogue Social ', 183435, 0, 0, 0, 0.075, -138),
	(2685, 1, 88, 71, 'Retraite Agirc-Arrco T1 ', 183435, 0, 3.15, -5778, 4.72, -8658),
	(2686, 1, 88, 72, 'Retraite CEG T1 ', 183435, 0, 0.75, -1376, 1.13, -2073),
	(2687, 1, 88, 73, 'Retraite Agirc-Arrco T2', 0, 0, 8.64, 0, 12.95, 0),
	(2688, 1, 88, 75, 'Retraite CEG T2', 0, 0, 0.46, 0, 0.7, 0),
	(2689, 1, 88, 77, 'TOTAL DES RETENUES SUR LE BRUT', 0, 0, 0, -24378, 0, -70651),
	(2690, 1, 88, 78, 'NET IMPOSABLE', 0, 0, 0, 159057, 0, 0),
	(2691, 1, 88, 81, 'Op.s/salaire 162001-8-514059', 11065, 1, 0, -11065, 0, 0),
	(2692, 1, 88, 83, 'Acompte', 50000, 1, 0, -50000, 0, 0),
	(2693, 1, 88, 90, 'NET A PAYER', 0, 0, 0, 97992, 0, 0),
	(2694, 1, 88, 1, 'Salaire de base', 926.44, 180, 0, 166759, 0, 0);

-- Listage de la structure de la table ecfc6. rubrique
CREATE TABLE IF NOT EXISTS `rubrique` (
  `id` int(11) NOT NULL AUTO_INCREMENT,
  `code` varchar(3) NOT NULL,
  `libelle` varchar(50) NOT NULL,
  `nombre` smallint(6) NOT NULL,
  `base` tinyint(4) NOT NULL DEFAULT 1 COMMENT '1 = Base / 2 = Montant / 3 = Rubrique de calcul / 4 = qualification / 5 = ancienneté / 6 = soumis / 7 = cumul annuel / 8 = cumul congé / 9 = cumul rubrique / 10 = valeur point',
  `taux_salarial` float NOT NULL DEFAULT 0,
  `montant_salarial` int(11) NOT NULL DEFAULT 0,
  `taux_patronal` float NOT NULL DEFAULT 0,
  `montant_patronal` int(11) NOT NULL DEFAULT 0,
  `type` tinyint(1) NOT NULL DEFAULT 1 COMMENT '1 = gain / 2 = retenue / 3 = constante / 4 = variable',
  PRIMARY KEY (`id`) USING BTREE,
  KEY `type` (`type`),
  KEY `ordre` (`code`) USING BTREE
) ENGINE=InnoDB AUTO_INCREMENT=113 DEFAULT CHARSET=utf8mb4;

-- Listage des données de la table ecfc6.rubrique : ~112 rows (environ)
INSERT INTO `rubrique` (`id`, `code`, `libelle`, `nombre`, `base`, `taux_salarial`, `montant_salarial`, `taux_patronal`, `montant_patronal`, `type`) VALUES
	(1, '001', 'Heures normales                         ', 0, 1, 0, 0, 0, 0, 1),
	(2, '002', 'Jour férié / chômé                      ', 0, 1, 0, 0, 0, 0, 1),
	(3, '003', 'Heures de nuit à 100%                   ', 0, 1, 200, 0, 0, 0, 1),
	(4, '004', 'Heures de nuit à 15%                    ', 0, 1, 115, 0, 0, 0, 1),
	(5, '005', 'Régul heures normales                   ', 0, 1, 0, 0, 0, 0, 2),
	(6, '006', 'Rappels sur salaire                     ', 0, 2, 0, 0, 0, 0, 1),
	(7, '007', 'Heures de nuit à 25%                    ', 0, 1, 125, 0, 0, 0, 1),
	(8, '008', 'Heures attentes                         ', 0, 1, 0, 0, 0, 0, 1),
	(9, '009', 'Retenue sur salaire                     ', 0, 2, 0, 0, 0, 0, 2),
	(10, '011', 'Heures complémentaires                  ', 0, 1, 0, 0, 0, 0, 1),
	(11, '012', 'Heures majorées à 25%                   ', 0, 1, 125, 0, 0, 0, 1),
	(12, '013', 'Heures majorées à 50 %                  ', 0, 1, 150, 0, 0, 0, 1),
	(13, '014', 'Heures majorées à 75%                   ', 0, 1, 175, 0, 0, 0, 1),
	(14, '015', 'Heures majorées à 100%                  ', 0, 1, 200, 0, 0, 0, 1),
	(15, '016', 'Heures de nuit majorées à 100%          ', 0, 1, 200, 0, 0, 0, 1),
	(16, '017', 'Heure de trajet 50%                     ', 0, 1, 50, 0, 0, 0, 1),
	(17, '018', 'Jour férié / chômé à 100 %              ', 0, 1, 200, 0, 0, 0, 1),
	(18, '019', 'Heures majorées à 150%                  ', 0, 1, 250, 0, 0, 0, 1),
	(19, '020', 'Maladie plein traitement                ', 0, 1, 100, 0, 0, 0, 1),
	(20, '021', 'Maladie à 90 %                          ', 0, 1, 90, 0, 0, 0, 1),
	(21, '022', 'Maladie à 66,66 %                       ', 0, 1, 66.6666, 0, 0, 0, 1),
	(22, '023', 'Maladie sans salaire (carence)          ', 0, 1, 0, 0, 0, 0, 1),
	(23, '024', 'Régul heures majorées 25%               ', 0, 1, 125, 0, 0, 0, 2),
	(24, '025', 'Régul heures majorées 50%               ', 0, 1, 150, 0, 0, 0, 2),
	(25, '026', 'Indemnité Accident du Travail           ', 0, 1, 100, 0, 0, 0, 2),
	(26, '027', 'Heure de trajet 100%                    ', 0, 1, 100, 0, 0, 0, 1),
	(27, '052', 'Congés exceptionnels                    ', 0, 1, 0, 0, 0, 0, 1),
	(28, '059', 'Retenue pour congés payés               ', 0, 1, 0, 0, 0, 0, 2),
	(29, '060', 'Repos compensateur payé 20%             ', 0, 1, 20, 0, 0, 0, 1),
	(30, '100', 'Gratification 13ème mois                ', 0, 2, 0, 0, 0, 0, 1),
	(31, '200', 'Prime d\'ancienneté                      ', 0, 5, 0, 0, 0, 0, 1),
	(32, '301', 'Prime exceptionnelle                    ', 0, 2, 0, 0, 0, 0, 1),
	(33, '302', 'Prime de hauteur 10% (10 à 25 m)        ', 0, 1, 10, 0, 0, 0, 1),
	(34, '303', 'Prime d\'éloignement                     ', 0, 2, 0, 0, 0, 0, 1),
	(35, '304', 'Prime de découchage                     ', 0, 2, 0, 0, 0, 0, 1),
	(36, '306', 'Prime de nuisance 10%                   ', 0, 1, 10, 0, 0, 0, 1),
	(37, '309', 'Prime de nuisance régule                ', 0, 1, 0, 0, 0, 0, 1),
	(38, '311', 'Prime Poussière                         ', 0, 2, 0, 0, 0, 0, 1),
	(39, '312', 'Prime Nuitée                            ', 0, 2, 0, 0, 0, 0, 1),
	(40, '313', 'Prime d\'astreinte                       ', 0, 2, 0, 0, 0, 0, 1),
	(41, '314', 'Prime de salissure                      ', 0, 2, 0, 0, 0, 0, 1),
	(42, '315', 'Prime de déplacement                    ', 0, 2, 0, 0, 0, 0, 1),
	(43, '390', 'Indemnité de congés payés               ', 0, 2, 10, 0, 0, 0, 1),
	(44, '391', 'Indemnité de précarité                  ', 0, 2, 15, 0, 0, 0, 1),
	(45, '392', 'Regul sur indemnité de CP(tetenue)      ', 0, 2, 10, 0, 0, 0, 2),
	(46, '393', 'Regul indemnité précarité (retenue)     ', 0, 2, 15, 0, 0, 0, 2),
	(47, '394', 'Prime de panier soumise                 ', 0, 2, 0, 0, 0, 0, 1),
	(48, '398', 'Indemnité de fin de contrat - CDD       ', 0, 8, 5, 0, 0, 0, 1),
	(49, '399', 'Indemnité de congés payés - CDD         ', 0, 8, 10, 0, 0, 0, 1),
	(50, '400', 'BRUT SOUMIS A COTISATIONS               ', 0, 2, 0, 0, 0, 0, 1),
	(51, '401', 'Indemnité Forfaitaire                   ', 0, 2, 0, 0, 0, 0, 1),
	(52, '402', 'Prime de panier                         ', 0, 2, 0, 918, 0, 0, 1),
	(53, '410', 'Prime exceptionnelle du pouvoir d\'achat', 0, 0, 0, 0, 0, 0, 0),
	(54, '411', 'Prime exceptionnelle COVID-19', 0, 0, 0, 0, 0, 0, 0),
	(55, '500', 'SALAIRE BRUT                            ', 0, 2, 0, 0, 0, 0, 1),
	(56, '600', 'Cotisations CAFAT                       ', 0, 3, 4.54, 0, 17.3, 0, 2),
	(57, '601', 'COTISATION CAFAT RUAMM Tranche 1        ', 0, 3, 3.85, 0, 11.67, 0, 2),
	(58, '602', 'COTISATION CAFAT RUAMM Tranche 2        ', 0, 3, 1.25, 0, 3.75, 0, 2),
	(59, '608', 'Accident du travail                     ', 0, 3, 0, 0, 2.16, 0, 2),
	(60, '609', 'Accident du travail                     ', 0, 3, 0, 0, 2.88, 0, 2),
	(61, '610', 'Accident du travail                     ', 0, 3, 0, 0, 3.6, 0, 2),
	(62, '611', 'Accident du Travail                     ', 0, 3, 0, 0, 0.72, 0, 2),
	(63, '612', 'Régul Accident du travail ( a ne pas sup', 0, 2, 0, 0, 0.72, 0, 1),
	(64, '613', 'Formation Professionnelle Continue      ', 0, 3, 0, 0, 0.7, 0, 2),
	(65, '615', 'Fond Social de l\'Habitat                ', 0, 3, 0, 0, 2, 0, 2),
	(66, '616', 'CCS                                     ', 0, 3, 1, 0, 0, 0, 2),
	(67, '617', 'FIAF                                    ', 0, 3, 0, 0, 0.2, 0, 2),
	(68, '618', 'FDS Financement Dialogue Social         ', 0, 3, 0, 0, 0.075, 0, 2),
	(69, '648', 'Mutuelle/Droits d\'adhésion              ', 0, 2, 0, 0, 0, 500, 2),
	(70, '650', 'Mutuelle du Commerce                    ', 0, 2, 0, 1100, 0, 1650, 2),
	(71, '651', 'Retraite Agirc-Arrco T1                 ', 0, 3, 1, 0, 4.72, 0, 2),
	(72, '652', 'Retraite CEG T1                         ', 0, 3, 1, 0, 1.13, 0, 2),
	(73, '653', 'Retraite Agirc-Arrco T2                 ', 0, 3, 1, 0, 12.95, 0, 2),
	(74, '654', 'Retraite CET                            ', 0, 3, 1, 0, 0.21, 0, 2),
	(75, '656', 'Retraite CEG T2                         ', 0, 3, 1, 0, 0.7, 0, 2),
	(76, '657', 'ASSIETTE C.E.S.                         ', 0, 2, 0, 0, 0, 0, 1),
	(77, '700', 'TOTAL DES RETENUES SUR LE BRUT          ', 0, 2, 0, 0, 0, 0, 1),
	(78, '800', 'NET IMPOSABLE                           ', 0, 2, 0, 0, 0, 0, 1),
	(79, '840', 'Indemnité kilométrique                  ', 0, 2, 0, 0, 0, 0, 1),
	(80, '841', 'Trop perçu                              ', 0, 2, 0, 0, 0, 0, 2),
	(81, '851', 'Opposition sur salaire                  ', 0, 2, 0, 0, 0, 0, 2),
	(82, '852', 'Délégation sur salaire                  ', 0, 2, 0, 0, 0, 0, 2),
	(83, '853', 'Acompte sur salaire                     ', 0, 2, 0, 0, 0, 0, 2),
	(84, '854', 'Cession sur salaire                     ', 0, 2, 0, 0, 0, 0, 2),
	(85, '856', 'Avance sur frais de déplacement         ', 0, 2, 0, 0, 0, 0, 2),
	(86, '857', 'Avance                                  ', 0, 2, 0, 0, 0, 0, 2),
	(87, '858', 'Régul avance sur frais                  ', 0, 2, 0, 0, 0, 0, 1),
	(88, '859', 'Avance sur frais                        ', 0, 2, 0, 0, 0, 0, 2),
	(89, '899', 'TOTAL DES RETENUES SUR LE NET           ', 0, 2, 0, 0, 0, 0, 1),
	(90, '900', 'NET A PAYER                             ', 0, 2, 0, 0, 0, 0, 1),
	(91, '990', 'Provisions ICP                          ', 0, 2, 15, 0, 0, 0, 1),
	(92, '991', 'Provisions IPE                          ', 0, 2, 15, 0, 0, 0, 1),
	(93, 'N01', 'BASE HORAIRE MENSUELLE                  ', 169, 0, 0, 0, 0, 0, 3),
	(94, 'N02', 'BASE ANNUELLE CONGES PAYES              ', 30, 1, 0, 0, 0, 0, 3),
	(95, 'N03', 'BASE HORAIRE JOUR                       ', 7, 2, 0, 0, 0, 0, 3),
	(96, 'N04', 'BASE MENSUELLE (EN JOURS)               ', 26, 2, 0, 0, 0, 0, 3),
	(97, 'N05', 'BASE MENSUELLE MALADIE (J)              ', 26, 2, 0, 0, 0, 0, 3),
	(98, 'N06', 'Nbre d\'heures maxi. pour calcul prorata ', 135, 2, 0, 0, 0, 0, 3),
	(99, 'P01', 'PLAFOND CAFAT                           ', 0, 2, 0, 363700, 0, 0, 3),
	(100, 'P02', 'PLAFOND FSH                             ', 0, 2, 0, 306900, 0, 0, 3),
	(101, 'P03', 'PLAFOND SECURITE SOCIALE                ', 0, 2, 0, 409069, 0, 0, 3),
	(102, 'P04', 'PLAFOND SECURITE SOCIALE x 4            ', 0, 2, 0, 4908830, 0, 0, 3),
	(103, 'P05', 'PLAFOND CAFAT RUAMM Tranche 1           ', 0, 2, 0, 510500, 0, 0, 3),
	(104, 'P06', 'PLAFOND CAFAT RUAMM Tranche 2           ', 0, 2, 0, 510501, 0, 0, 3),
	(105, 'P07', 'PLAFOND SECURITE SOCIALE T2             ', 0, 2, 0, 409069, 0, 0, 3),
	(106, 'P11', 'S.M.G. MENSUEL                          ', 0, 2, 0, 156568, 0, 0, 3),
	(107, 'P12', 'S.M.G. HORAIRE                          ', 0, 2, 0, 926, 0, 0, 3),
	(108, 'T01', 'TAUX ABATTEMENT                         ', 0, 2, 0, 0, 0, 0, 3),
	(109, 'V01', 'Heures travaillées dans le mois         ', 0, 2, 0, 0, 0, 0, 4),
	(110, 'V02', 'Jours travaillés dans le mois           ', 0, 2, 0, 0, 0, 0, 4),
	(111, 'V03', 'Jours de maladie dans le mois           ', 0, 2, 0, 0, 0, 0, 4),
	(112, 'V04', 'Jours de congés payés pris dans le mois ', 0, 2, 0, 0, 0, 0, 4);

-- Listage de la structure de la table ecfc6. salaries
CREATE TABLE IF NOT EXISTS `salaries` (
  `id` int(11) unsigned NOT NULL AUTO_INCREMENT,
  `nom` varchar(255) DEFAULT NULL,
  `prenom` varchar(255) DEFAULT NULL,
  `dnaissance` date DEFAULT NULL,
  `dembauche` date DEFAULT NULL,
  `drupture` date DEFAULT NULL,
  `numcafat` mediumint(9) DEFAULT NULL,
  PRIMARY KEY (`id`),
  UNIQUE KEY `Index 2` (`numcafat`),
  FULLTEXT KEY `nom` (`nom`)
) ENGINE=InnoDB AUTO_INCREMENT=29 DEFAULT CHARSET=utf8mb4;

-- Listage des données de la table ecfc6.salaries : ~20 rows (environ)
INSERT INTO `salaries` (`id`, `nom`, `prenom`, `dnaissance`, `dembauche`, `drupture`, `numcafat`) VALUES
	(1, 'Henry', 'Emmanuel', '1979-01-18', '2022-01-06', '2022-12-18', 488752),
	(2, 'Livingston', 'Joelle', '2004-01-06', '2022-02-28', '2022-06-26', 694259),
	(3, 'Rocha', 'Latifah', '1983-10-08', '2022-04-16', '2022-08-22', 371680),
	(4, 'Cole', 'Oprah', '1986-05-31', '2022-04-30', '2022-08-26', 389720),
	(5, 'Cochran', 'TaShya', '1968-07-10', '2022-05-01', '2022-07-10', 465007),
	(6, 'Porter', 'Dieter', '1998-01-04', '2022-05-23', '2023-04-26', 398813),
	(7, 'Moran', 'Wylie', '1986-02-11', '2022-06-03', '2022-06-26', 469143),
	(8, 'Tyson', 'Amity', '1998-01-17', '2022-06-06', NULL, 216477),
	(9, 'Austin', 'Warren', '1980-11-08', '2022-07-17', '2022-07-30', 852567),
	(10, 'Blair', 'Veda', '1985-05-21', '2022-08-08', NULL, 443138),
	(11, 'Le', 'Sonya', '1974-05-01', '2022-09-12', NULL, 956817),
	(12, 'Duran', 'Lacy', '1968-12-14', '2022-09-15', '2022-11-03', 743019),
	(13, 'Neal', 'Hadassah', '1970-05-24', '2022-09-20', NULL, 347621),
	(14, 'Pace', 'Isadora', '1968-04-16', '2022-10-10', NULL, 629763),
	(15, 'Alvarez', 'Richard', '1992-11-07', '2022-11-05', NULL, 487097),
	(16, 'Pearson', 'Veda', '1988-10-26', '2022-12-11', NULL, 347176),
	(17, 'Ferrell', 'Malachi', '1972-03-29', '2022-12-13', '2023-02-28', 344806),
	(18, 'Flores', 'Vivian', '1994-10-20', '2023-01-25', NULL, 825996),
	(19, 'Dickerson', 'Francis', '1998-05-26', '2023-04-11', NULL, 579871),
	(20, 'Hensley', 'Sean', '1986-05-26', '2023-05-16', NULL, 740471);

-- Listage de la structure de la table ecfc6. societe
CREATE TABLE IF NOT EXISTS `societe` (
  `id` int(11) NOT NULL AUTO_INCREMENT,
  `numerocafat` varchar(11) NOT NULL,
  `enseigne` varchar(200) NOT NULL,
  `ridet` varchar(11) NOT NULL,
  `tauxat` float NOT NULL DEFAULT 0.72,
  `adresse` varchar(250) NOT NULL,
  `commune` varchar(20) NOT NULL,
  `codepostal` mediumint(9) NOT NULL DEFAULT 98800,
  PRIMARY KEY (`id`)
) ENGINE=InnoDB AUTO_INCREMENT=2 DEFAULT CHARSET=utf8mb4;

-- Listage des données de la table ecfc6.societe : ~0 rows (environ)
INSERT INTO `societe` (`id`, `numerocafat`, `Enseigne`, `ridet`, `tauxat`, `adresse`, `commune`, `codepostal`) VALUES
	(1, '120623/001', 'Comptagest', '1256952.001', 0.72, '12 rue Henri Lafleur', 'Dumbea', 98830);

/*!40103 SET TIME_ZONE=IFNULL(@OLD_TIME_ZONE, 'system') */;
/*!40101 SET SQL_MODE=IFNULL(@OLD_SQL_MODE, '') */;
/*!40014 SET FOREIGN_KEY_CHECKS=IFNULL(@OLD_FOREIGN_KEY_CHECKS, 1) */;
/*!40101 SET CHARACTER_SET_CLIENT=@OLD_CHARACTER_SET_CLIENT */;
/*!40111 SET SQL_NOTES=IFNULL(@OLD_SQL_NOTES, 1) */;
